{
    "LEFT_FINGER_POSITIONS": {
        "P0": [
            0.3399128317832947,
            -0.19927997887134552,
            1.539699673652649
        ],
        "P1": [
            0.3168694078922272,
            -0.1974210888147354,
            1.5652782917022705
        ],
        "P2": [
            0.14156344532966614,
            -0.18272556364536285,
            1.3619563579559326
        ],
        "P3": [
            0.11348117142915726,
            -0.18044251203536987,
            1.3916112184524536
        ]
    },
    "INNER_LEFT_HAND_POSITIONS": {
        "P3": {
            "H_L": [
                0.17551159858703613,
                -0.14257247745990753,
                1.325830101966858
            ],
            "HP_L": [
                0.02433796226978302,
                -0.2265806496143341,
                1.4488297700881958
            ],
            "T_L": [
                0.15284375846385956,
                -0.17005689442157745,
                1.4195797443389893
            ],
            "TP_L": [
                0.14967705309391022,
                -0.04601453244686127,
                1.3833863735198975
            ]
        },
        "P1": {
            "H_L": [
                0.3460456132888794,
                -0.16790062189102173,
                1.4758882522583008
            ],
            "HP_L": [
                0.1549435555934906,
                -0.2265806496143341,
                1.457675576210022
            ],
            "T_L": [
                0.3384905457496643,
                -0.17724215984344482,
                1.5894744396209717
            ],
            "TP_L": [
                0.4107356369495392,
                -0.06417498737573624,
                1.5333102941513062
            ]
        }
    },
    "NORMAL_LEFT_HAND_POSITIONS": {
        "P0": {
            "H_L": [
                0.3394509255886078,
                -0.15827810764312744,
                1.4423733949661255
            ],
            "HP_L": [
                0.1549435555934906,
                -0.2265806496143341,
                1.457675576210022
            ],
            "T_L": [
                0.34821251034736633,
                -0.1847854107618332,
                1.5528085231781006
            ],
            "TP_L": [
                0.4107356369495392,
                -0.06417498737573624,
                1.5333102941513062
            ]
        },
        "P1": {
            "H_L": [
                0.3290069103240967,
                -0.16764649748802185,
                1.4649714231491089
            ],
            "HP_L": [
                0.1549435555934906,
                -0.2265806496143341,
                1.457675576210022
            ],
            "TP_L": [
                0.4107356369495392,
                -0.06417498737573624,
                1.5333102941513062
            ],
            "T_L": [
                0.3186691403388977,
                -0.1769494265317917,
                1.5641274452209473
            ]
        },
        "P2": {
            "TP_L": [
                0.20736227929592133,
                -0.10648755729198456,
                1.3761067390441895
            ],
            "T_L": [
                0.13851453363895416,
                -0.1640293300151825,
                1.3898272514343262
            ],
            "H_L": [
                0.15911662578582764,
                -0.12678301334381104,
                1.2934650182724
            ],
            "HP_L": [
                0.02433796226978302,
                -0.2265806496143341,
                1.4488297700881958
            ],
            "TP_R": [
                -0.13808032870292664,
                -0.21935415267944336,
                1.3455805778503418
            ]
        },
        "P3": {
            "H_L": [
                0.1461106687784195,
                -0.13825662434101105,
                1.3051797151565552
            ],
            "TP_L": [
                0.173598974943161,
                -0.07287044078111649,
                1.3632327318191528
            ],
            "T_L": [
                0.12538671493530273,
                -0.16077513992786407,
                1.405128002166748
            ],
            "HP_L": [
                0.02433796226978302,
                -0.2265806496143341,
                1.4488297700881958
            ],
            "TP_R": [
                -0.13808032870292664,
                -0.21935415267944336,
                1.3455805778503418
            ]
        }
    },
    "OUTER_LEFT_HAND_POSITIONS": {
        "P2": {
            "T_L": [
                0.15289270877838135,
                -0.16673269867897034,
                1.3900562524795532
            ],
            "H_L": [
                0.1258402317762375,
                -0.13358622789382935,
                1.2961703538894653
            ],
            "HP_L": [
                0.02433796226978302,
                -0.2265806496143341,
                1.4488297700881958
            ],
            "TP_L": [
                0.20736227929592133,
                -0.10648755729198456,
                1.3761067390441895
            ]
        },
        "P0": {
            "H_L": [
                0.3183395564556122,
                -0.1539088487625122,
                1.4345189332962036
            ],
            "HP_L": [
                0.1549435555934906,
                -0.2265806496143341,
                1.457675576210022
            ],
            "T_L": [
                0.34188133478164673,
                -0.18571938574314117,
                1.5414905548095703
            ],
            "TP_L": [
                0.4107356369495392,
                -0.06417498737573624,
                1.5333102941513062
            ]
        }
    },
    "ROTATIONS": {
        "H_rotation_L": {
            "Normal": {
                "P0": [
                    0.055850543081760406,
                    -2.4881911277770996,
                    -0.2879793345928192
                ],
                "P1": [
                    0.07190781831741333,
                    -2.601637601852417,
                    -0.2848219573497772
                ],
                "P2": [
                    -0.09075711667537689,
                    -1.3962633609771729,
                    -0.04188790172338486
                ],
                "P3": [
                    -0.13089968264102936,
                    -1.3962633609771729,
                    -0.22514747083187103
                ]
            },
            "Inner": {
                "P3": [
                    -0.024434588849544525,
                    -1.1239919662475586,
                    -0.09250244498252869
                ],
                "P1": [
                    -0.008377328515052795,
                    -2.3799808025360107,
                    -0.3267098665237427
                ]
            },
            "Outer": {
                "P0": [
                    0.09075713157653809,
                    -2.9157967567443848,
                    -0.30368730425834656
                ],
                "P2": [
                    -0.12915435433387756,
                    -1.781981110572815,
                    -0.0872664600610733
                ]
            }
        },
        "H_rotation_R": {
            "Normal": {
                "P0": [
                    4.456750392913818,
                    -0.2634103298187256,
                    -0.7526400685310364
                ],
                "P3": [
                    4.456750392913818,
                    -0.2634103298187256,
                    -0.7526400685310364
                ],
                "P2": [
                    4.456750392913818,
                    -0.2634103298187256,
                    -0.7526400685310364
                ],