{
  "LEFT_FINGER_POSITIONS": {
    "P0": [0.2839004397392273, -0.17889976501464844, 1.1573164463043213],
    "P1": [0.2701821029186249, -0.17720867693424225, 1.1721711158752441],
    "P2": [0.13295161724090576, -0.15598031878471375, 1.052714228630066],
    "P3": [0.11875569820404053, -0.15476727485656738, 1.0734844207763672]
  },
  "INNER_LEFT_HAND_POSITIONS": {
    "P3": {
      "H_L": [0.15437187254428864, -0.11582150310277939, 1.0203508138656616],
      "HP_L": [0.08509821444749832, 0.027360618114471436, 1.1750777959823608],
      "T_L": [0.1655021458864212, -0.14411284029483795, 1.1091907024383545],
      "TP_L": [0.1761387288570404, -0.12795203924179077, 1.0594626665115356]
    },
    "P1": {
      "H_L": [0.282875120639801, -0.14463019371032715, 1.098707914352417],
      "HP_L": [0.1397898942232132, 0.019789844751358032, 1.1743539571762085],
      "T_L": [0.29310107231140137, -0.16498389840126038, 1.1825449466705322],
      "TP_L": [0.34736454486846924, -0.14173737168312073, 1.1789567470550537]
    }
  },
  "NORMAL_LEFT_HAND_POSITIONS": {
    "P0": {
      "H_L": [0.27874264121055603, -0.13319289684295654, 1.0951098203659058],
      "HP_L": [0.22193032503128052, 0.07908722758293152, 1.2427033185958862],
      "T_L": [0.2743668556213379, -0.1640249788761139, 1.1777567863464355],
      "TP_L": [0.2972065210342407, -0.13519664108753204, 1.1726773977279663]
    },
    "P1": {
      "H_L": [0.27078777551651, -0.1296699345111847, 1.1143062114715576],
      "HP_L": [0.20980794727802277, 0.07908719778060913, 1.3996882438659668],
      "TP_L": [0.2972065210342407, -0.13519664108753204, 1.1726773977279663],
      "T_L": [0.29061853885650635, -0.16398368775844574, 1.192404866218567]
    },
    "P2": {
      "TP_L": [0.16951115429401398, -0.11893045157194138, 1.0562918186187744],
      "T_L": [0.1426360011100769, -0.1383567750453949, 1.0877665281295776],
      "H_L": [0.14336879551410675, -0.11710595339536667, 1.001199722290039],
      "HP_L": [0.21507340669631958, -0.0648418515920639, 1.0627198219299316]
    },
    "P3": {
      "H_L": [0.14551284909248352, -0.11478464305400848, 1.0181200504302979],
      "TP_L": [0.16915354132652283, -0.12551531195640564, 1.0610029697418213],
      "T_L": [0.1568496972322464, -0.1404942274093628, 1.1030128002166748],
      "HP_L": [0.19922856986522675, -0.16782841086387634, 0.9685071706771851]
    }
  },
  "OUTER_LEFT_HAND_POSITIONS": {
    "P2": {
      "T_L": [0.13894183933734894, -0.1369522213935852, 1.086370825767517],
      "H_L": [0.11820323765277863, -0.11172616481781006, 1.008253812789917],
      "HP_L": [0.23519733548164368, -0.06961986422538757, 1.064984917640686],
      "TP_L": [0.16640308499336243, -0.1148633062839508, 1.0616410970687866]
    },
    "P0": {
      "H_L": [0.25653496384620667, -0.1386689394712448, 1.0918890237808228],
      "HP_L": [0.3238975405693054, -0.06961989402770996, 1.1832518577575684],
      "T_L": [0.2853552997112274, -0.16391444206237793, 1.1744844913482666],
      "TP_L": [0.3439331352710724, -0.15244296193122864, 1.1797302961349487]
    }
  },
  "ROTATIONS": {
    "H_rotation_L": {
      "Normal": {
        "P0": [-0.06981316953897476, -2.1991147994995117, 0.0],
        "P1": [0.0872664600610733, -1.9896754026412964, 0.05235987901687622],
        "P2": [0.0, -1.3439035415649414, 0.0],
        "P3": [0.1745329201221466, -1.328195571899414, -0.13962633907794952]
      },
      "Inner": {
        "P3": [0.0, -1.029744267463684, -0.1745329201221466],
        "P1": [0.0, -1.5603243112564087, -0.3141592741012573]
      },
      "Outer": {
        "P0": [0.22689279913902283, -2.094395160675049, 0.0],
        "P2": [0.06981316953897476, -1.5184364318847656, -0.22689279913902283]
      }
    },
    "H_rotation_R": {
      "Normal": {
        "P0": [0.296705961227417, 2.3212878704071045, -0.40142571926116943]
      }
    }
  },
  "RIGHT_HAND_POSITIONS": {
    "a0": [0.003079233691096306, -0.1379944384098053, 0.9614359140396118],
    "a1": [-0.000412648543715477, -0.13769274950027466, 0.9668998718261719],
    "a2": [-0.003453444689512253, -0.13743528723716736, 0.9716412425041199],
    "a3": [-0.0068418849259614944, -0.1371423751115799, 0.9768627285957336],
    "a4": [-0.009998666122555733, -0.13686594367027283, 0.9815810322761536],
    "a5": [-0.01356956735253334, -0.136537566781044, 0.9868027567863464],
    "m0": [0.010912608355283737, -0.13939706981182098, 0.9672415852546692],
    "m1": [0.007469152100384235, -0.1390959769487381, 0.9724801778793335],
    "m2": [0.004355788230895996, -0.13883130252361298, 0.9773579239845276],
    "m3": [0.001064397394657135, -0.1385495662689209, 0.982446551322937],
    "m4": [-0.00212128646671772, -0.13826924562454224, 0.9871866703033447],
    "m5": [-0.005570666864514351, -0.13795062899589539, 0.9921058416366577],
    "i0": [0.020660601556301117, -0.14062164723873138, 0.9740796685218811],
    "i1": [0.017496373504400253, -0.14057649672031403, 0.9790741205215454],
    "i2": [0.014290548861026764, -0.14029541611671448, 0.9838934540748596],
    "i3": [0.010874511674046516, -0.1399904489517212, 0.9889415502548218],
    "i4": [0.0080050528049469, -0.13976140320301056, 0.9936580061912537],
    "i5": [0.00458383746445179, -0.1394517421722412, 0.9985798001289368],
    "p0": [0.028714263811707497, -0.14648863673210144, 0.9788718223571777],
    "p1": [0.026274997740983963, -0.1463407278060913, 0.9845933318138123],
    "p2": [0.024119626730680466, -0.1462184339761734, 0.9898114800453186],
    "p3": [0.02165105566382408, -0.14605937898159027, 0.9953107237815857],
    "p4": [0.019442198798060417, -0.1459217518568039, 1.0002821683883667],
    "p5": [0.01705152541399002, -0.14577236771583557, 1.005906105041504],
    "ch0": [-0.006235536187887192, -0.13669979572296143, 0.9552384614944458],
    "ch1": [-0.010637231171131134, -0.1362343281507492, 0.9600533843040466],
    "ch2": [-0.013895200565457344, -0.13594986498355865, 0.9650276899337769],
    "ch3": [-0.017398100346326828, -0.13563546538352966, 0.9701398015022278],
    "ch4": [-0.02044040709733963, -0.13538052141666412, 0.9749675393104553],
    "ch5": [-0.024011332541704178, -0.1350521594285965, 0.9801890850067139],
    "h0": [-0.06490834802389145, -0.16849592328071594, 1.0021945238113403],
    "h1": [-0.06964349001646042, -0.1620669960975647, 0.9980302453041077],
    "h2": [-0.06872586905956268, -0.1562500298023224, 0.9982119202613831],
    "h3": [-0.06051011383533478, -0.16625013947486877, 1.0001530647277832],
    "p_end": [0.029134247452020645, -0.14861470460891724, 0.9520148038864136],
    "i_end": [0.019755009561777115, -0.1426209807395935, 0.9428932666778564],
    "m_end": [0.009720511734485626, -0.1412419080734253, 0.9317274689674377],
    "a_end": [-0.0006096959114074707, -0.13923583924770355, 0.9257127642631531],
    "ch_end": [-0.011804424226284027, -0.13749656081199646, 0.9217596054077148],
    "h_end": [-0.05772942677140236, -0.1716265082359314, 0.960364043712616]
  },
  "RIGHT_HAND_LINES": {
    "P_line": [0.9443061351776123, -0.05012247711420059, -0.325228750705719],
    "R_line": [0.9439198970794678, -0.05012234300374985, -0.32634875178337097],
    "M_line": [0.9417831301689148, -0.05012243241071701, -0.3324640095233917],
    "I_line": [0.9458675980567932, -0.05012241378426552, -0.32065877318382263],
    "T_line": [0.39612388610839844, -0.026355361565947533, -0.9178187251091003]
  }
}
