{
    "LEFT_FINGER_POSITIONS": {
        "P0": [
            0.2708713710308075,
            -0.25476184487342834,
            1.0809009075164795
        ],
        "P1": [
            0.2572440505027771,
            -0.25255709886550903,
            1.0957719087600708
        ],
        "P2": [
            0.12157777696847916,
            -0.22186896204948425,
            0.976584255695343
        ],
        "P3": [
            0.10743806511163712,
            -0.22021064162254333,
            0.997361958026886
        ]
    },
    "INNER_LEFT_HAND_POSITIONS": {
        "P3": {
            "H_L": [
                0.1452290415763855,
                -0.18243485689163208,
                0.9448901414871216
            ],
            "HP_L": [
                0.08371204137802124,
                -0.038168348371982574,
                1.1018717288970947
            ],
            "T_L": [
                0.1546451896429062,
                -0.2127276360988617,
                1.0332671403884888
            ],
            "TP_L": [
                0.16623349487781525,
                -0.1963769793510437,
                0.9838146567344666
            ]
        },
        "P1": {
            "H_L": [
                0.27182736992836,
                -0.21954597532749176,
                1.0228548049926758
            ],
            "HP_L": [
                0.13790439069271088,
                -0.04873024672269821,
                1.101061463356018
            ],
            "T_L": [
                0.28078582882881165,
                -0.24178358912467957,
                1.1063576936721802
            ],
            "TP_L": [
                0.31405913829803467,
                -0.22564275562763214,
                1.0970481634140015
            ]
        }
    },
    "NORMAL_LEFT_HAND_POSITIONS": {
        "P0": {
            "H_L": [
                0.26833710074424744,
                -0.2078416347503662,
                1.0194398164749146
            ],
            "HP_L": [
                0.22308191657066345,
                0.004836920648813248,
                1.170417070388794
            ],
            "T_L": [
                0.2621403932571411,
                -0.2397160679101944,
                1.1015733480453491
            ],
            "TP_L": [
                0.2865420877933502,
                -0.21211254596710205,
                1.0969769954681396
            ]
        },
        "P1": {
            "H_L": [
                0.260606974363327,
                -0.2020706683397293,
                1.0440336465835571
            ],
            "HP_L": [
                0.2107342630624771,
                0.002970375120639801,
                1.3273733854293823
            ],
            "TP_L": [
                0.2865420877933502,
                -0.21211254596710205,
                1.0969769954681396
            ],
            "T_L": [
                0.28073376417160034,
                -0.24514688551425934,
                1.1171108484268188
            ]
        },
        "P2": {
            "TP_L": [
                0.16011814773082733,
                -0.18695369362831116,
                0.9807859659194946
            ],
            "T_L": [
                0.13216432929039001,
                -0.20537446439266205,
                1.011923909187317
            ],
            "H_L": [
                0.13420163094997406,
                -0.18280132114887238,
                0.9257134795188904
            ],
            "HP_L": [
                0.20858220756053925,
                -0.1355701982975006,
                0.988119900226593
            ]
        },
        "P3": {
            "H_L": [
                0.136444091796875,
                -0.1808752715587616,
                0.9426705837249756
            ],
            "TP_L": [
                0.15939083695411682,
                -0.19358402490615845,
                0.9853895902633667
            ],
            "T_L": [
                0.14621493220329285,
                -0.2085382044315338,
                1.0271430015563965
            ],
            "HP_L": [
                0.1872316300868988,
                -0.23599183559417725,
                0.892240047454834
            ]
        }
    },
    "OUTER_LEFT_HAND_POSITIONS": {
        "P2": {
            "T_L": [
                0.12855535745620728,
                -0.2037460207939148,
                1.0105488300323486
            ],
            "H_L": [
                0.10935992747545242,
                -0.1761568784713745,
                0.932837188243866
            ],
            "HP_L": [
                0.22840867936611176,
                -0.14148637652397156,
                0.99032062292099
            ],
            "TP_L": [
                0.1572306603193283,
                -0.1828082799911499,
                0.9861984252929688
            ]
        },
        "P0": {
            "H_L": [
                0.24586643278598785,
                -0.2120322585105896,
                1.0161160230636597
            ],
            "HP_L": [
                0.3167903423309326,
                -0.1482863873243332,
                1.1086304187774658
            ],
            "T_L": [
                0.27312329411506653,
                -0.24015869200229645,
                1.0983104705810547
            ],
            "TP_L": [
                0.332236111164093,
                -0.23202042281627655,
                1.1037801504135132
            ]
        }
    },
    "ROTATIONS": {
        "H_rotation_L": {
            "Normal": {
                "P0": [
                    -0.06981316953897476,
                    -1.7104226350784302,
                    0.0
                ],
                "P1": [
                    0.0872664600610733,
                    -1.9896754026412964,
                    -0.0872664600610733
                ],
                "P2": [
                    0.0,
                    -1.3439035415649414,
                    0.0
                ],
                "P3": [
                    0.1745329201221466,
                    -1.328195571899414,
                    -0.13962633907794952
                ]
            },
            "Inner": {
                "P3": [
                    0.0,
                    -1.029744267463684,
                    -0.1745329201221466
                ],
                "P1": [
                    0.0,
                    -1.5603243112564087,
                    -0.3141592741012573
                ]
            },
            "Outer": {
                "P0": [
                    0.22689279913902283,
                    -2.094395160675049,
                    0.0
                ],
                "P2": [
                    0.06981316953897476,
                    -1.5184364318847656,
                    -0.22689279913902283
                ]
            }
        },
        "H_rotation_R": {
            "Normal": {
                "P0": [
                    -0.2617993950843811,
                    0.2617993950843811,
                    8.481312541164243e-09
                ],
                "P3": [
                    -0.2617993950843811,
                    0.2617994248867035,
                    0.0
                ],
                "P2": [
                    -0.2617993950843811,
                    0.2617994248867035,
                    0.0
                ]
            }
        }
    },
    "RIGHT_HAND_POSITIONS": {
        "a0": [
            -0.010065373964607716,
            -0.19527865946292877,
            0.8802903294563293
        ],
        "a1": [
            -0.010442471131682396,
            -0.19487318396568298,
            0.8909896016120911
        ],
        "a2": [
            -0.013471812941133976,
            -0.19452506303787231,
            0.8957325220108032
        ],
        "a3": [
            -0.01684706285595894,
            -0.19413013756275177,
            0.9009557962417603
        ],