{
    "LEFT_FINGER_POSITIONS": {
        "P0": [
            0.37802526354789734,
            -0.22989004850387573,
            1.4836857318878174
        ],
        "P1": [
            0.3520612120628357,
            -0.22817179560661316,
            1.5143710374832153
        ],
        "P2": [
            0.17600366473197937,
            -0.22513681650161743,
            1.2982630729675293
        ],
        "P3": [
            0.1503790020942688,
            -0.22242304682731628,
            1.33420729637146
        ]
    },
    "INNER_LEFT_HAND_POSITIONS": {
        "P3": {
            "H_L": [
                0.23230862617492676,
                -0.185816690325737,
                1.2788469791412354
            ],
            "HP_L": [
                0.0661870464682579,
                -0.2109127640724182,
                1.3853868246078491
            ],
            "T_L": [
                0.22823886573314667,
                -0.1953296810388565,
                1.3864474296569824
            ],
            "TP_L": [
                0.22775468230247498,
                -0.17377670109272003,
                1.370316982269287
            ]
        },
        "P1": {
            "H_L": [
                0.3998042345046997,
                -0.1969536393880844,
                1.4232839345932007
            ],
            "HP_L": [
                0.2100149691104889,
                -0.21169337630271912,
                1.3977538347244263
            ],
            "T_L": [
                0.40737566351890564,
                -0.19853508472442627,
                1.5357595682144165
            ],
            "TP_L": [
                0.458639532327652,
                -0.03265758603811264,
                1.4944744110107422
            ]
        }
    },
    "NORMAL_LEFT_HAND_POSITIONS": {
        "P0": {
            "H_L": [
                0.38156312704086304,
                -0.18568164110183716,
                1.3867132663726807
            ],
            "HP_L": [
                0.19999998807907104,
                -0.19101804494857788,
                1.4194172620773315
            ],
            "T_L": [
                0.3745613694190979,
                -0.20652885735034943,
                1.492000937461853
            ],
            "TP_L": [
                0.43119922280311584,
                -0.0038002729415893555,
                1.4831042289733887
            ]
        },
        "P1": {
            "H_L": [
                0.3731105625629425,
                -0.20117007195949554,
                1.418249249458313
            ],
            "HP_L": [
                0.2100149691104889,
                -0.21169337630271912,
                1.3977538347244263
            ],
            "TP_L": [
                0.458639532327652,
                -0.03265758603811264,
                1.4944744110107422
            ],
            "T_L": [
                0.39562711119651794,
                -0.20153944194316864,
                1.526886224746704
            ]
        },
        "P2": {
            "TP_L": [
                0.2299397587776184,
                0.07929150760173798,
                1.397061824798584
            ],
            "T_L": [
                0.21252092719078064,
                -0.1923951804637909,
                1.3571040630340576
            ],
            "H_L": [
                0.22220788896083832,
                -0.1859457641839981,
                1.2495518922805786
            ],
            "HP_L": [
                0.0661870464682579,
                -0.2109127640724182,
                1.3853868246078491
            ],
            "TP_R": [
                -0.08542072772979736,
                -0.21853667497634888,
                1.290955901145935
            ]
        },
        "P3": {
            "H_L": [
                0.20372606813907623,
                -0.19852061569690704,
                1.2713183164596558
            ],
            "TP_L": [
                0.2299397587776184,
                0.07929150760173798,
                1.397061824798584
            ],
            "T_L": [
                0.2172234207391739,
                -0.1933475136756897,
                1.376924991607666
            ],
            "HP_L": [
                0.0661870464682579,
                -0.2109127640724182,
                1.3853868246078491
            ],
            "TP_R": [
                -0.08542072772979736,
                -0.21853667497634888,
                1.290955901145935
            ]
        }
    },
    "OUTER_LEFT_HAND_POSITIONS": {
        "P2": {
            "T_L": [
                0.19923369586467743,
                -0.19642096757888794,
                1.3317432403564453
            ],
            "H_L": [
                0.16549541056156158,
                -0.18639174103736877,
                1.2337839603424072
            ],
            "HP_L": [
                0.0661870464682579,
                -0.2109127640724182,
                1.3853868246078491
            ],
            "TP_L": [
                0.2299397587776184,
                0.07929150760173798,
                1.397061824798584
            ]
        },
        "P0": {
            "H_L": [
                0.3528352379798889,
                -0.19811049103736877,
                1.3938243389129639
            ],
            "HP_L": [
                0.2100149691104889,
                -0.21169337630271912,
                1.3977538347244263
            ],
            "T_L": [
                0.38412660360336304,
                -0.20881755650043488,
                1.4958821535110474
            ],
            "TP_L": [
                0.4432741701602936,
                -0.028117772191762924,
                1.4802438020706177
            ]
        }
    },
    "ROTATIONS": {
        "H_rotation_L": {
            "Normal": {
                "P0": [
                    0.09145575016736984,
                    -2.41528582572937,
                    -0.4055830240249634
                ],
                "P1": [
                    0.24434609711170197,
                    -2.7070059776306152,
                    -0.45727625489234924
                ],
                "P2": [
                    -0.12489963322877884,
                    -1.5556538105010986,
                    -0.2970677614212036
                ],
                "P3": [
                    -0.12489963322877884,
                    -1.5556538105010986,
                    -0.42622214555740356
                ]
            },
            "Inner": {
                "P3": [
                    -0.12489963322877884,
                    -1.3287609815597534,
                    -0.2970677614212036
                ],
                "P1": [
                    0.24434609711170197,
                    -2.420772075653076,
                    -0.45727625489234924
                ]
            },
            "Outer": {
                "P0": [
                    0.03839723765850067,
                    -2.9461164474487305,
                    -0.3281219005584717
                ],
                "P2": [
                    -0.12489963322877884,
                    -1.918682336807251,
                    -0.2970677614212036
                ]
            }
        },
        "H_rotation_R": {
            "Normal": {
                "P0": [
                    4.456750392913818,
                    -0.2634103298187256,
                    -0.7526400685310364
                ],
                "P3": [
                    4.456750392913818,
                    -0.2634103298187256,
                    -0.7526400685310364
                ],
                "P2": [
                    4.456750392913818,
                    -0.2634103298187256,
                    -0.7526400685310364
                ],