{
    "LEFT_FINGER_POSITIONS": {
        "P0": [
            0.37748244404792786,
            -0.2303202897310257,
            1.494316816329956
        ],
        "P1": [
            0.3523527681827545,
            -0.22993379831314087,
            1.521041989326477
        ],
        "P2": [
            0.1783115267753601,
            -0.22521215677261353,
            1.31633460521698
        ],
        "P3": [
            0.14851483702659607,
            -0.2243598997592926,
            1.3502683639526367
        ]
    },
    "INNER_LEFT_HAND_POSITIONS": {
        "P3": {
            "H_L": [
                0.2162742167711258,
                -0.1557387262582779,
                1.2875800132751465
            ],
            "HP_L": [
                0.0545671284198761,
                -0.2050497978925705,
                1.455899715423584
            ],
            "T_L": [
                0.20767469704151154,
                -0.18704813718795776,
                1.3966134786605835
            ],
            "TP_L": [
                0.27429962158203125,
                -0.08740673959255219,
                1.4326683282852173
            ]
        },
        "P1": {
            "H_L": [
                0.3878366947174072,
                -0.16959136724472046,
                1.432529330253601
            ],
            "HP_L": [
                0.24563482403755188,
                -0.2050497978925705,
                1.4325664043426514
            ],
            "T_L": [
                0.3943208158016205,
                -0.19683648645877838,
                1.5438357591629028
            ],
            "TP_L": [
                0.45654839277267456,
                -0.11636882275342941,
                1.5088082551956177
            ]
        }
    },
    "NORMAL_LEFT_HAND_POSITIONS": {
        "P0": {
            "H_L": [
                0.36773738265037537,
                -0.15151268243789673,
                1.4184257984161377
            ],
            "HP_L": [
                0.24563482403755188,
                -0.2050497978925705,
                1.4325664043426514
            ],
            "T_L": [
                0.3963787257671356,
                -0.20652960240840912,
                1.526320219039917
            ],
            "TP_L": [
                0.48828598856925964,
                -0.07001376897096634,
                1.495274305343628
            ]
        },
        "P1": {
            "H_L": [
                0.3593534827232361,
                -0.16488684713840485,
                1.414995789527893
            ],
            "HP_L": [
                0.24563482403755188,
                -0.2050497978925705,
                1.4325664043426514
            ],
            "TP_L": [
                0.4933486580848694,
                -0.13606899976730347,
                1.5146021842956543
            ],
            "T_L": [
                0.3761703670024872,
                -0.19858457148075104,
                1.525715947151184
            ]
        },
        "P2": {
            "TP_L": [
                0.3292151987552643,
                -0.1363411545753479,
                1.4470319747924805
            ],
            "T_L": [
                0.21427345275878906,
                -0.1954217255115509,
                1.3546366691589355
            ],
            "H_L": [
                0.2038007378578186,
                -0.14312288165092468,
                1.2615305185317993
            ],
            "HP_L": [
                0.0545671284198761,
                -0.2050497978925705,
                1.455899715423584
            ],
            "TP_R": [
                -0.08314576745033264,
                -0.21950691938400269,
                1.314322829246521
            ]
        },
        "P3": {
            "H_L": [
                0.19049300253391266,
                -0.15584319829940796,
                1.2692776918411255
            ],
            "TP_L": [
                0.3274921476840973,
                -0.13274934887886047,
                1.4511467218399048
            ],
            "T_L": [
                0.22311678528785706,
                -0.19218231737613678,
                1.3801112174987793
            ],
            "HP_L": [
                0.0545671284198761,
                -0.2050497978925705,
                1.455899715423584
            ],
            "TP_R": [
                -0.08314576745033264,
                -0.21950691938400269,
                1.314322829246521
            ]
        }
    },
    "OUTER_LEFT_HAND_POSITIONS": {
        "P2": {
            "T_L": [
                0.19649502635002136,
                -0.19256652891635895,
                1.3454208374023438
            ],
            "H_L": [
                0.16136516630649567,
                -0.1567375808954239,
                1.260129451751709
            ],
            "HP_L": [
                0.0545671284198761,
                -0.2050497978925705,
                1.455899715423584
            ],
            "TP_L": [
                0.25489377975463867,
                -0.10517154633998871,
                1.3978255987167358
            ]
        },
        "P0": {
            "H_L": [
                0.3525903820991516,
                -0.18560156226158142,
                1.3923609256744385
            ],
            "HP_L": [
                0.2502136528491974,
                -0.2050497978925705,
                1.4600393772125244
            ],
            "T_L": [
                0.3702279329299927,
                -0.20175793766975403,
                1.496983289718628
            ],
            "TP_L": [
                0.48549872636795044,
                -0.15616855025291443,
                1.5172209739685059
            ]
        }
    },
    "ROTATIONS": {
        "H_rotation_L": {
            "Normal": {
                "P0": [
                    0.13264502584934235,
                    -2.2780561447143555,
                    0.0
                ],
                "P1": [
                    0.08901180326938629,
                    -2.3583412170410156,
                    0.3176499307155609
                ],
                "P2": [
                    0.0,
                    -1.5031299591064453,
                    0.0
                ],
                "P3": [
                    0.345575213432312,
                    -1.5031299591064453,
                    -0.11170107126235962
                ]
            },
            "Inner": {
                "P3": [
                    0.10821041464805603,
                    -1.1121761798858643,
                    0.008726646192371845
                ],
                "P1": [
                    0.22340215742588043,
                    -2.255366802215576,
                    0.3176499307155609
                ]
            },
            "Outer": {
                "P0": [
                    0.406661719083786,
                    -2.2571122646331787,
                    0.3176499307155609
                ],
                "P2": [
                    0.10821041464805603,
                    -1.8207799196243286,
                    0.008726646192371845
                ]
            }
        },
        "H_rotation_R": {
            "Normal": {
                "P0": [
                    1.2267118692398071,
                    -2.1219987869262695,
                    -3.016343116760254
                ],
                "P3": [
                    1.1540546417236328,
                    -2.111656427383423,
                    -2.9965388774871826
                ],
                "P2": [
                    1.1910970211029053,
                    -2.1174440383911133,
                    -3.007509708404541
                ]
            }
        }
    },
    "RIGHT_HAND_POSITIONS": {
        "a0": [
            0.04128642752766609,
            -0.22008372843265533,
            1.191957712173462
        ],