{
    "LEFT_FINGER_POSITIONS": {
        "P0": [
            0.38320043683052063,
            -0.36633047461509705,
            1.3461246490478516
        ],
        "P1": [
            0.3675636947154999,
            -0.3707866072654724,
            1.3643206357955933
        ],
        "P2": [
            0.1550990790128708,
            -0.2604605555534363,
            1.1403813362121582
        ],
        "P3": [
            0.12938597798347473,
            -0.25964048504829407,
            1.1639249324798584
        ]
    },
    "INNER_LEFT_HAND_POSITIONS": {
        "P3": {
            "H_L": [
                0.18471041321754456,
                -0.20809322595596313,
                1.089200735092163
            ],
            "HP_L": [
                0.08517145365476608,
                -0.36563149094581604,
                1.336151361465454
            ],
            "T_L": [
                0.168233722448349,
                -0.25568702816963196,
                1.1847126483917236
            ],
            "TP_L": [
                0.11672759801149368,
                -0.2030612826347351,
                1.1914658546447754
            ]
        },
        "P1": {
            "H_L": [
                0.38419094681739807,
                -0.2943277955055237,
                1.2770355939865112
            ],
            "HP_L": [
                0.08517145365476608,
                -0.36563149094581604,
                1.336151361465454
            ],
            "T_L": [
                0.3897651135921478,
                -0.36003878712654114,
                1.3596113920211792
            ],
            "TP_L": [
                0.3518058657646179,
                -0.2729736268520355,
                1.3894171714782715
            ]
        }
    },
    "NORMAL_LEFT_HAND_POSITIONS": {
        "P0": {
            "H_L": [
                0.3868418335914612,
                -0.3025290369987488,
                1.2576854228973389
            ],
            "HP_L": [
                0.24053505063056946,
                -0.3094644248485565,
                1.3122518062591553
            ],
            "T_L": [
                0.39482298493385315,
                -0.3537536859512329,
                1.3509631156921387
            ],
            "TP_L": [
                0.36824536323547363,
                -0.2513856291770935,
                1.3567593097686768
            ]
        },
        "P1": {
            "H_L": [
                0.3691006302833557,
                -0.3072316646575928,
                1.2784963846206665
            ],
            "HP_L": [
                0.24053505063056946,
                -0.3094644248485565,
                1.3122518062591553
            ],
            "TP_L": [
                0.3206610679626465,
                -0.21528232097625732,
                1.3904545307159424
            ],
            "T_L": [
                0.3847725987434387,
                -0.3567076325416565,
                1.3713797330856323
            ]
        },
        "P2": {
            "TP_L": [
                0.05493558198213577,
                -0.16082334518432617,
                1.2887279987335205
            ],
            "T_L": [
                0.1664566546678543,
                -0.24994754791259766,
                1.1589865684509277
            ],
            "H_L": [
                0.17639940977096558,
                -0.18659043312072754,
                1.0732711553573608
            ],
            "HP_L": [
                0.08517145365476608,
                -0.36563149094581604,
                1.336151361465454
            ],
            "TP_R": [
                -0.09216760098934174,
                -0.24591565132141113,
                1.1362806558609009
            ]
        },
        "P3": {
            "H_L": [
                0.16021385788917542,
                -0.20346012711524963,
                1.0823676586151123
            ],
            "TP_L": [
                0.13889071345329285,
                -0.2092716097831726,
                1.2502689361572266
            ],
            "T_L": [
                0.1641860008239746,
                -0.2537989914417267,
                1.1749956607818604
            ],
            "HP_L": [
                0.08517145365476608,
                -0.36563149094581604,
                1.336151361465454
            ],
            "TP_R": [
                -0.09216760098934174,
                -0.24591565132141113,
                1.1362806558609009
            ]
        }
    },
    "OUTER_LEFT_HAND_POSITIONS": {
        "P2": {
            "T_L": [
                0.16106608510017395,
                -0.24881884455680847,
                1.1440590620040894
            ],
            "H_L": [
                0.12861734628677368,
                -0.1883990466594696,
                1.0645705461502075
            ],
            "HP_L": [
                0.08517145365476608,
                -0.36563149094581604,
                1.336151361465454
            ],
            "TP_L": [
                0.1364322006702423,
                -0.14116337895393372,
                1.223728895187378
            ]
        },
        "P0": {
            "H_L": [
                0.36833328008651733,
                -0.2865179479122162,
                1.269676685333252
            ],
            "HP_L": [
                0.08517145365476608,
                -0.36563149094581604,
                1.336151361465454
            ],
            "T_L": [
                0.3826117515563965,
                -0.35361385345458984,
                1.3447380065917969
            ],
            "TP_L": [
                0.3193449378013611,
                -0.2771013677120209,
                1.3847795724868774
            ]
        }
    },
    "ROTATIONS": {
        "H_rotation_L": {
            "Normal": {
                "P0": [
                    0.30543261766433716,
                    -2.044985771179199,
                    -0.041887909173965454
                ],
                "P1": [
                    0.1745329201221466,
                    -2.086873769760132,
                    0.05410519987344742
                ],
                "P2": [
                    0.06806784123182297,
                    -0.9524096250534058,
                    -0.27227136492729187
                ],
                "P3": [
                    0.010471977293491364,
                    -1.0169868469238281,
                    -0.39444440603256226
                ]
            },
            "Inner": {
                "P3": [
                    -0.061086516827344894,
                    -0.6609396934509277,
                    -0.2914699912071228
                ],
                "P1": [
                    0.14137166738510132,
                    -2.1322522163391113,
                    0.0
                ]
            },
            "Outer": {
                "P0": [
                    0.13962633907794952,
                    -2.3032944202423096,
                    0.0
                ],
                "P2": [
                    0.1727875918149948,
                    -1.381760597229004,
                    -0.12915436923503876
                ]
            }
        },
        "H_rotation_R": {
            "Normal": {
                "P0": [
                    -0.059341199696063995,
                    0.45727625489234924,
                    -0.10646510124206543
                ],
                "P3": [
                    0.05061454325914383,
                    0.4712388813495636,
                    -0.21991148591041565
                ],
                "P2": [
                    0.03839723765850067,
                    0.42760562896728516,
                    -0.0872664749622345
                ],
                "P1": [
                    -0.059341199696063995,
                    0.45727622509002686,
                    -0.10646508634090424
                ],