{
    "LEFT_FINGER_POSITIONS": {
        "P0": [
            0.3226354420185089,
            -0.11438986659049988,
            1.180701732635498
        ],
        "P1": [
            0.30775508284568787,
            -0.11438987404108047,
            1.2034599781036377
        ],
        "P2": [
            0.15518660843372345,
            -0.12062432616949081,
            1.0540270805358887
        ],
        "P3": [
            0.13912969827651978,
            -0.12062432616949081,
            1.0815532207489014
        ]
    },
    "INNER_LEFT_HAND_POSITIONS": {
        "P3": {
            "H_L": [
                0.18987223505973816,
                -0.079168900847435,
                1.0240166187286377
            ],
            "HP_L": [
                0.0036286660470068455,
                -0.23235836625099182,
                1.1797220706939697
            ],
            "T_L": [
                0.1738806515932083,
                -0.10224203020334244,
                1.104107141494751
            ],
            "TP_L": [
                0.23126018047332764,
                -0.09623897820711136,
                1.0737030506134033
            ]
        },
        "P1": {
            "H_L": [
                0.32715392112731934,
                -0.0756593868136406,
                1.1312472820281982
            ],
            "HP_L": [
                0.14450636506080627,
                -0.23235833644866943,
                1.1370446681976318
            ],
            "T_L": [
                0.3297755718231201,
                -0.09774796664714813,
                1.218785285949707
            ],
            "TP_L": [
                0.3578025698661804,
                -0.10697352141141891,
                1.1680023670196533
            ]
        }
    },
    "NORMAL_LEFT_HAND_POSITIONS": {
        "P0": {
            "H_L": [
                0.3236410915851593,
                -0.07531909644603729,
                1.1094664335250854
            ],
            "HP_L": [
                0.16124334931373596,
                -0.23235833644866943,
                1.1791017055511475
            ],
            "T_L": [
                0.3316749334335327,
                -0.10389390587806702,
                1.1932663917541504
            ],
            "TP_L": [
                0.38678354024887085,
                -0.07421509921550751,
                1.1622679233551025
            ]
        },
        "P1": {
            "H_L": [
                0.3099278211593628,
                -0.07531910389661789,
                1.1220126152038574
            ],
            "HP_L": [
                0.16124334931373596,
                -0.23235833644866943,
                1.1791017055511475
            ],
            "TP_L": [
                0.35484007000923157,
                -0.08575408160686493,
                1.1684675216674805
            ],
            "T_L": [
                0.3241683840751648,
                -0.09896931052207947,
                1.2056162357330322
            ]
        },
        "P2": {
            "TP_L": [
                0.23569341003894806,
                -0.10850582271814346,
                1.0550384521484375
            ],
            "T_L": [
                0.1689130663871765,
                -0.10257817804813385,
                1.072282075881958
            ],
            "H_L": [
                0.1757403016090393,
                -0.07164809852838516,
                0.9965102672576904
            ],
            "HP_L": [
                0.0036286660470068455,
                -0.23235836625099182,
                1.1797220706939697
            ],
            "TP_R": [
                -0.1688046008348465,
                -0.1978350132703781,
                1.3719556331634521
            ]
        },
        "P3": {
            "H_L": [
                0.16632553935050964,
                -0.08365233987569809,
                1.0161073207855225
            ],
            "TP_L": [
                0.2322463095188141,
                -0.10211743414402008,
                1.0694901943206787
            ],
            "T_L": [
                0.16166946291923523,
                -0.09891603887081146,
                1.0958380699157715
            ],
            "HP_L": [
                0.0036286660470068455,
                -0.23235836625099182,
                1.1797220706939697
            ],
            "TP_R": [
                -0.1688046008348465,
                -0.1978350132703781,
                1.3719556331634521
            ]
        }
    },
    "OUTER_LEFT_HAND_POSITIONS": {
        "P2": {
            "T_L": [
                0.17889823019504547,
                -0.10161548107862473,
                1.0795965194702148
            ],
            "H_L": [
                0.1479460448026657,
                -0.0917438417673111,
                0.9979186654090881
            ],
            "HP_L": [
                0.0036286660470068455,
                -0.23235836625099182,
                1.1797220706939697
            ],
            "TP_L": [
                0.22610105574131012,
                -0.1159929484128952,
                1.0660902261734009
            ]
        },
        "P0": {
            "H_L": [
                0.3001077473163605,
                -0.07949946075677872,
                1.1042845249176025
            ],
            "HP_L": [
                0.19879050552845,
                -0.23235832154750824,
                1.195338249206543
            ],
            "T_L": [
                0.32086145877838135,
                -0.1052522286772728,
                1.1831536293029785
            ],
            "TP_L": [
                0.39998364448547363,
                -0.10137814283370972,
                1.1539506912231445
            ]
        }
    },
    "ROTATIONS": {
        "H_rotation_L": {
            "Normal": {
                "P0": [
                    0.10724300146102905,
                    -2.429344892501831,
                    -0.2629799246788025
                ],
                "P1": [
                    0.1246962919831276,
                    -2.429344892501831,
                    -0.23854531347751617
                ],
                "P2": [
                    0.1246962919831276,
                    -1.6422014236450195,
                    -0.18444010615348816
                ],
                "P3": [
                    0.1246962919831276,
                    -1.6422014236450195,
                    -0.23854531347751617
                ]
            },
            "Inner": {
                "P3": [
                    0.1246962919831276,
                    -1.2809182405471802,
                    -0.23854531347751617
                ],
                "P1": [
                    0.1246962919831276,
                    -2.3612771034240723,
                    -0.23854531347751617
                ]
            },
            "Outer": {
                "P0": [
                    0.0653550997376442,
                    -2.5619900226593018,
                    -0.1739681363105774
                ],
                "P2": [
                    0.22243471443653107,
                    -1.9738140106201172,
                    -0.2542532682418823
                ]
            }
        },
        "H_rotation_R": {
            "Normal": {
                "P0": [
                    0.20071285963058472,
                    1.1519174575805664,
                    0.09599308669567108
                ],
                "P3": [
                    0.20071285963058472,
                    1.1519174575805664,
                    0.09599308669567108
                ],
                "P2": [
                    0.20071285963058472,
                    1.1519174575805664,
                    0.09599308669567108
                ],