{
    "LEFT_FINGER_POSITIONS": {
        "P0": [
            0.42321276664733887,
            -0.22007440030574799,
            1.547621250152588
        ],
        "P1": [
            0.40083107352256775,
            -0.2116539478302002,
            1.5720473527908325
        ],
        "P2": [
            0.2123405486345291,
            -0.1943001002073288,
            1.3719149827957153
        ],
        "P3": [
            0.19082289934158325,
            -0.18593820929527283,
            1.4067902565002441
        ]
    },
    "INNER_LEFT_HAND_POSITIONS": {
        "P3": {
            "H_L": [
                0.2703278064727783,
                -0.1558505892753601,
                1.330166220664978
            ],
            "HP_L": [
                -0.01973067596554756,
                -0.27477002143859863,
                1.5391019582748413
            ],
            "T_L": [
                0.23991996049880981,
                -0.17004485428333282,
                1.4363750219345093
            ],
            "TP_L": [
                0.3161057233810425,
                -0.18350587785243988,
                1.399768352508545
            ]
        },
        "P1": {
            "H_L": [
                0.44259703159332275,
                -0.1785811185836792,
                1.4788148403167725
            ],
            "HP_L": [
                0.16164761781692505,
                -0.3224230110645294,
                1.4926913976669312
            ],
            "T_L": [
                0.43596506118774414,
                -0.19612754881381989,
                1.595860481262207
            ],
            "TP_L": [
                0.47082093358039856,
                -0.22280579805374146,
                1.532495379447937
            ]
        }
    },
    "NORMAL_LEFT_HAND_POSITIONS": {
        "P0": {
            "H_L": [
                0.41311395168304443,
                -0.16073180735111237,
                1.4435570240020752
            ],
            "HP_L": [
                0.3368772566318512,
                -0.3219902515411377,
                1.5353137254714966
            ],
            "T_L": [
                0.41303521394729614,
                -0.20344525575637817,
                1.5472495555877686
            ],
            "TP_L": [
                0.5179792046546936,
                -0.19056779146194458,
                1.5230824947357178
            ]
        },
        "P1": {
            "H_L": [
                0.421060711145401,
                -0.17419061064720154,
                1.4655810594558716
            ],
            "HP_L": [
                0.18143992125988007,
                -0.3219902515411377,
                1.5487034320831299
            ],
            "TP_L": [
                0.4734739363193512,
                -0.1948823481798172,
                1.530419111251831
            ],
            "T_L": [
                0.4289287030696869,
                -0.1977062225341797,
                1.5784409046173096
            ]
        },
        "P2": {
            "TP_L": [
                0.3187296390533447,
                -0.20284077525138855,
                1.3771322965621948
            ],
            "T_L": [
                0.2346642166376114,
                -0.17310193181037903,
                1.3945380449295044
            ],
            "H_L": [
                0.25560423731803894,
                -0.14561936259269714,
                1.2924407720565796
            ],
            "HP_L": [
                -0.01973067596554756,
                -0.27477002143859863,
                1.5391019582748413
            ],
            "TP_R": [
                -0.23645815253257751,
                -0.15444837510585785,
                1.7746285200119019
            ]
        },
        "P3": {
            "H_L": [
                0.23920929431915283,
                -0.15553094446659088,
                1.3188107013702393
            ],
            "TP_L": [
                0.31573405861854553,
                -0.19181916117668152,
                1.3950227499008179
            ],
            "T_L": [
                0.22565540671348572,
                -0.16323351860046387,
                1.4243829250335693
            ],
            "HP_L": [
                -0.01973067596554756,
                -0.27477002143859863,
                1.5391019582748413
            ],
            "TP_R": [
                -0.23645815253257751,
                -0.15444837510585785,
                1.7746285200119019
            ]
        }
    },
    "OUTER_LEFT_HAND_POSITIONS": {
        "P2": {
            "T_L": [
                0.2474273294210434,
                -0.17391854524612427,
                1.40463387966156
            ],
            "H_L": [
                0.2139713615179062,
                -0.16267307102680206,
                1.2947998046875
            ],
            "HP_L": [
                -0.01973067596554756,
                -0.27477002143859863,
                1.5391019582748413
            ],
            "TP_L": [
                0.3037998378276825,
                -0.20806144177913666,
                1.3918049335479736
            ]
        },
        "P0": {
            "H_L": [
                0.40791815519332886,
                -0.17886076867580414,
                1.4422781467437744
            ],
            "HP_L": [
                0.22875241935253143,
                -0.3311203718185425,
                1.5723806619644165
            ],
            "T_L": [
                0.42363542318344116,
                -0.2076096534729004,
                1.5496336221694946
            ],
            "TP_L": [
                0.5268771052360535,
                -0.23012489080429077,
                1.516281008720398
            ]
        }
    },
    "ROTATIONS": {
        "H_rotation_L": {
            "Normal": {
                "P0": [
                    0.011249884963035583,
                    -2.331606388092041,
                    -0.23854531347751617
                ],
                "P1": [
                    0.1246962919831276,
                    -2.429344892501831,
                    -0.23854531347751617
                ],
                "P2": [
                    0.1246962919831276,
                    -1.6422014236450195,
                    -0.18444010615348816
                ],
                "P3": [
                    0.1246962919831276,
                    -1.6422014236450195,
                    -0.23854531347751617
                ]
            },
            "Inner": {
                "P3": [
                    0.1246962919831276,
                    -1.2809182405471802,
                    -0.23854531347751617
                ],
                "P1": [
                    0.1246962919831276,
                    -2.3612771034240723,
                    -0.23854531347751617
                ]
            },
            "Outer": {
                "P0": [
                    0.0653550997376442,
                    -2.5619900226593018,
                    -0.1739681363105774
                ],
                "P2": [
                    0.22243471443653107,
                    -1.9738140106201172,
                    -0.2542532682418823
                ]
            }
        },
        "H_rotation_R": {
            "Normal": {
                "P0": [
                    0.39444440603256226,
                    0.7836528420448303,
                    0.057595863938331604
                ],
                "P3": [
                    0.3944443464279175,
                    0.7836527824401855,
                    0.05759584158658981
                ],
                "P2": [
                    0.3944443464279175,
                    0.7836527824401855,
                    0.05759584158658981
                ],