{
    "LEFT_FINGER_POSITIONS": {
        "P0": [
            0.43571293354034424,
            -0.08525394648313522,
            1.2701106071472168
        ],
        "P1": [
            0.41525405645370483,
            -0.08905566483736038,
            1.2962279319763184
        ],
        "P2": [
            0.20599178969860077,
            -0.12616753578186035,
            1.1189106702804565
        ],
        "P3": [
            0.1832379400730133,
            -0.13166460394859314,
            1.1514079570770264
        ]
    },
    "INNER_LEFT_HAND_POSITIONS": {
        "P3": {
            "H_L": [
                0.22408577799797058,
                -0.07193903625011444,
                1.0846892595291138
            ],
            "HP_L": [
                0.16001012921333313,
                0.07765236496925354,
                1.089553952217102
            ],
            "T_L": [
                0.20954635739326477,
                -0.10872211307287216,
                1.159941554069519
            ],
            "TP_L": [
                0.4797048270702362,
                -0.11938992142677307,
                1.2238376140594482
            ]
        },
        "P1": {
            "H_L": [
                0.40329623222351074,
                -0.035294059664011,
                1.214034914970398
            ],
            "HP_L": [
                0.2994386851787567,
                0.07258892804384232,
                0.9987872838973999
            ],
            "T_L": [
                0.42163562774658203,
                -0.07184253633022308,
                1.3007760047912598
            ],
            "TP_L": [
                0.4797048270702362,
                -0.11938992142677307,
                1.2238376140594482
            ]
        }
    },
    "NORMAL_LEFT_HAND_POSITIONS": {
        "P0": {
            "H_L": [
                0.38720783591270447,
                -0.025716988369822502,
                1.2060048580169678
            ],
            "HP_L": [
                0.31541532278060913,
                0.07938402891159058,
                1.1085431575775146
            ],
            "T_L": [
                0.42870384454727173,
                -0.07014775276184082,
                1.28492271900177
            ],
            "TP_L": [
                0.4797048270702362,
                -0.11938992142677307,
                1.2238376140594482
            ]
        },
        "P1": {
            "H_L": [
                0.39051565527915955,
                -0.03861341252923012,
                1.2125675678253174
            ],
            "HP_L": [
                0.31541532278060913,
                0.07938402891159058,
                1.1085431575775146
            ],
            "TP_L": [
                0.4797048270702362,
                -0.11938992142677307,
                1.2238376140594482
            ],
            "T_L": [
                0.4265742897987366,
                -0.07240897417068481,
                1.2996183633804321
            ]
        },
        "P2": {
            "TP_L": [
                0.4797048270702362,
                -0.11938992142677307,
                1.2238376140594482
            ],
            "T_L": [
                0.23539461195468903,
                -0.10703954100608826,
                1.1455193758010864
            ],
            "H_L": [
                0.2013130486011505,
                -0.058474548161029816,
                1.0618425607681274
            ],
            "HP_L": [
                0.14129731059074402,
                0.07765237241983414,
                1.0420706272125244
            ],
            "TP_R": [
                -0.12458387762308121,
                -0.38726893067359924,
                1.147031545639038
            ]
        },
        "P3": {
            "H_L": [
                0.19398552179336548,
                -0.07108437269926071,
                1.072640299797058
            ],
            "TP_L": [
                0.4797048270702362,
                -0.11938992142677307,
                1.2238376140594482
            ],
            "T_L": [
                0.20954635739326477,
                -0.10872211307287216,
                1.159941554069519
            ],
            "HP_L": [
                0.14604412019252777,
                0.07765237241983414,
                1.0498381853103638
            ],
            "TP_R": [
                -0.12458387762308121,
                -0.38726893067359924,
                1.147031545639038
            ]
        }
    },
    "OUTER_LEFT_HAND_POSITIONS": {
        "P2": {
            "T_L": [
                0.21932227909564972,
                -0.10666744410991669,
                1.140105962753296
            ],
            "H_L": [
                0.17781227827072144,
                -0.07139691710472107,
                1.059848427772522
            ],
            "HP_L": [
                0.13247932493686676,
                0.07765237241983414,
                1.0272306203842163
            ],
            "TP_L": [
                0.4797048270702362,
                -0.11938992142677307,
                1.2238376140594482
            ]
        },
        "P0": {
            "H_L": [
                0.383590966463089,
                -0.04057934880256653,
                1.209179401397705
            ],
            "HP_L": [
                0.30862024426460266,
                0.07938402891159058,
                1.0859835147857666
            ],
            "T_L": [
                0.42546162009239197,
                -0.06897130608558655,
                1.2925626039505005
            ],
            "TP_L": [
                0.4797048270702362,
                -0.11938992142677307,
                1.2238376140594482
            ]
        }
    },
    "ROTATIONS": {
        "H_rotation_L": {
            "Normal": {
                "P0": [
                    0.10297442227602005,
                    -2.319542407989502,
                    -0.3490658402442932
                ],
                "P1": [
                    0.30892327427864075,
                    -2.50803804397583,
                    -0.3839724361896515
                ],
                "P2": [
                    0.2565633952617645,
                    -1.473057746887207,
                    0.2059488296508789
                ],
                "P3": [
                    0.2949606478214264,
                    -1.5725414752960205,
                    0.24434608221054077
                ]
            },
            "Inner": {
                "P3": [
                    0.2949606478214264,
                    -1.2897981405258179,
                    0.24434608221054077
                ],
                "P1": [
                    0.2303834855556488,
                    -2.0682151317596436,
                    -0.59690260887146
                ]
            },
            "Outer": {
                "P0": [
                    0.09599310159683228,
                    -2.5377085208892822,
                    -0.41887903213500977
                ],
                "P2": [
                    0.2670353651046753,
                    -1.860520839691162,
                    0.240855410695076
                ]
            }
        },
        "H_rotation_R": {
            "Normal": {
                "P0": [
                    4.456750392913818,
                    -0.2634103298187256,
                    -0.7526400685310364
                ],
                "P3": [
                    4.456750392913818,
                    -0.2634103298187256,
                    -0.7526400685310364
                ],
                "P2": [
                    4.456750392913818,
                    -0.2634103298187256,
                    -0.7526400685310364
                ],