{
    "LEFT_FINGER_POSITIONS": {
        "P0": [
            0.2660709619522095,
            -0.20558243989944458,
            1.2485675811767578
        ],
        "P1": [
            0.248116597533226,
            -0.20647425949573517,
            1.2699390649795532
        ],
        "P2": [
            0.12540367245674133,
            -0.1899251937866211,
            1.120136022567749
        ],
        "P3": [
            0.10328817367553711,
            -0.18993636965751648,
            1.1441677808761597
        ]
    },
    "INNER_LEFT_HAND_POSITIONS": {
        "P3": {
            "H_L": [
                0.14201277494430542,
                -0.14922171831130981,
                1.087926983833313
            ],
            "HP_L": [
                0.133544921875,
                -0.09236912429332733,
                1.253354787826538
            ],
            "T_L": [
                0.13929909467697144,
                -0.1694810837507248,
                1.1667170524597168
            ],
            "TP_L": [
                0.15061476826667786,
                -0.14081406593322754,
                1.1124259233474731
            ]
        },
        "P1": {
            "H_L": [
                0.2795141339302063,
                -0.16935427486896515,
                1.2111095190048218
            ],
            "HP_L": [
                0.12992322444915771,
                -0.11188399791717529,
                1.313009262084961
            ],
            "T_L": [
                0.25044217705726624,
                -0.1891045868396759,
                1.2788338661193848
            ],
            "TP_L": [
                0.34645605087280273,
                -0.10962504148483276,
                1.2377439737319946
            ]
        }
    },
    "NORMAL_LEFT_HAND_POSITIONS": {
        "P0": {
            "H_L": [
                0.2728397846221924,
                -0.16914166510105133,
                1.1937962770462036
            ],
            "HP_L": [
                0.19799374043941498,
                -0.2072107344865799,
                1.4782378673553467
            ],
            "T_L": [
                0.25312337279319763,
                -0.1846190243959427,
                1.2646552324295044
            ],
            "TP_L": [
                0.3177669942378998,
                -0.05429764464497566,
                1.1953810453414917
            ]
        },
        "P1": {
            "H_L": [
                0.2599427103996277,
                -0.17596568167209625,
                1.1971147060394287
            ],
            "HP_L": [
                0.1259698122739792,
                -0.1096445843577385,
                1.2937448024749756
            ],
            "TP_L": [
                0.3146967887878418,
                -0.1262817084789276,
                1.2181682586669922
            ],
            "T_L": [
                0.2642034590244293,
                -0.18577201664447784,
                1.2725943326950073
            ]
        },
        "P2": {
            "TP_L": [
                0.24224627017974854,
                -0.08646117895841599,
                1.0795670747756958
            ],
            "T_L": [
                0.1235058456659317,
                -0.16591253876686096,
                1.139872670173645
            ],
            "H_L": [
                0.15147343277931213,
                -0.14024455845355988,
                1.0749343633651733
            ],
            "HP_L": [
                0.10661021620035172,
                -0.047379687428474426,
                1.3012394905090332
            ]
        },
        "P3": {
            "H_L": [
                0.14200100302696228,
                -0.16038958728313446,
                1.085768222808838
            ],
            "TP_L": [
                0.17068363726139069,
                -0.09925330430269241,
                1.1223431825637817
            ],
            "T_L": [
                0.12180551886558533,
                -0.16449733078479767,
                1.1570323705673218
            ],
            "HP_L": [
                0.10659949481487274,
                -0.04737313091754913,
                1.3050975799560547
            ]
        }
    },
    "OUTER_LEFT_HAND_POSITIONS": {
        "P2": {
            "T_L": [
                0.12821240723133087,
                -0.16601701080799103,
                1.1380764245986938
            ],
            "H_L": [
                0.12271366268396378,
                -0.15490537881851196,
                1.0698692798614502
            ],
            "HP_L": [
                0.10476872324943542,
                -0.041113436222076416,
                1.226370930671692
            ],
            "TP_L": [
                0.2100495994091034,
                -0.10237699747085571,
                1.0730607509613037
            ]
        },
        "P0": {
            "H_L": [
                0.2620042562484741,
                -0.19009584188461304,
                1.191917061805725
            ],
            "HP_L": [
                0.18607136607170105,
                -0.1400630921125412,
                1.2991080284118652
            ],
            "T_L": [
                0.2538611888885498,
                -0.17975664138793945,
                1.2643091678619385
            ],
            "TP_L": [
                0.35516610741615295,
                -0.11867044121026993,
                1.2379164695739746
            ]
        }
    },
    "ROTATIONS": {
        "H_rotation_L": {
            "Normal": {
                "P0": [
                    0.03490658476948738,
                    -1.7544573545455933,
                    0.1745329201221466
                ],
                "P1": [
                    0.0,
                    -2.055142641067505,
                    0.36651915311813354
                ],
                "P2": [
                    0.0,
                    -1.3032023906707764,
                    0.0
                ],
                "P3": [
                    0.15707963705062866,
                    -1.2997187376022339,
                    0.0
                ]
            },
            "Inner": {
                "P3": [
                    -0.04728550836443901,
                    -0.8262039422988892,
                    0.0
                ],
                "P1": [
                    -0.04728550836443901,
                    -1.8734015226364136,
                    0.0
                ]
            },
            "Outer": {
                "P0": [
                    0.0,
                    -2.2586655616760254,
                    0.19198621809482574
                ],
                "P2": [
                    0.0,
                    -1.675516128540039,
                    0.0
                ]
            }
        },
        "H_rotation_R": {
            "Normal": {
                "P0": [
                    0.0,
                    -5.323254108428955,
                    0.0
                ]
            }
        }
    },
    "RIGHT_HAND_POSITIONS": {
        "a0": [
            0.024071190506219864,
            -0.17423726618289948,
            1.0287209749221802
        ],
        "a1": [
            0.018822787329554558,
            -0.1743919551372528,
            1.0341379642486572
        ],
        "a2": [
            0.013853805139660835,
            -0.17454275488853455,
            1.0393424034118652
        ],
        "a3": [
            0.008622244000434875,
            -0.17469094693660736,
            1.0446367263793945
        ],
        "a4": [
            0.003686928655952215,
            -0.17482873797416687,
            1.0495957136154175
        ],
        "a5": [
            -0.0011760406196117401,
            -0.17499057948589325,
            1.054939866065979
        ],
        "m0": [
            0.031847354024648666,
            -0.17487409710884094,
            1.035899043083191
        ],