{
    "LEFT_FINGER_POSITIONS": {
        "P0": [
            0.4075424075126648,
            -0.13166384398937225,
            1.326777458190918
        ],
        "P1": [
            0.38691216707229614,
            -0.1362781524658203,
            1.3555169105529785
        ],
        "P2": [
            0.20715008676052094,
            -0.14630770683288574,
            1.1769615411758423
        ],
        "P3": [
            0.18650473654270172,
            -0.1506866216659546,
            1.2066593170166016
        ]
    },
    "INNER_LEFT_HAND_POSITIONS": {
        "P3": {
            "H_L": [
                0.22294382750988007,
                -0.07541989535093307,
                1.1459451913833618
            ],
            "HP_L": [
                0.3231669068336487,
                0.031740862876176834,
                1.3940057754516602
            ],
            "T_L": [
                0.2332681119441986,
                -0.12957002222537994,
                1.2312268018722534
            ],
            "TP_L": [
                0.2922739088535309,
                -0.03909824788570404,
                1.1790467500686646
            ]
        },
        "P1": {
            "H_L": [
                0.38287943601608276,
                -0.08179903030395508,
                1.2597414255142212
            ],
            "HP_L": [
                0.22159455716609955,
                0.047948889434337616,
                1.3505001068115234
            ],
            "T_L": [
                0.4016103446483612,
                -0.11768700182437897,
                1.3625133037567139
            ],
            "TP_L": [
                0.36840057373046875,
                0.007644630037248135,
                1.31168532371521
            ]
        }
    },
    "NORMAL_LEFT_HAND_POSITIONS": {
        "P0": {
            "H_L": [
                0.3875184953212738,
                -0.06044870987534523,
                1.2553943395614624
            ],
            "HP_L": [
                0.26905471086502075,
                0.07595021277666092,
                1.4444762468338013
            ],
            "T_L": [
                0.3938305675983429,
                -0.11886085569858551,
                1.3410041332244873
            ],
            "TP_L": [
                0.3980931341648102,
                -0.07210894674062729,
                1.359898567199707
            ]
        },
        "P1": {
            "H_L": [
                0.38113582134246826,
                -0.08186028152704239,
                1.2613950967788696
            ],
            "HP_L": [
                0.37288808822631836,
                0.12970760464668274,
                1.4515236616134644
            ],
            "TP_L": [
                0.414476603269577,
                -0.08439047634601593,
                1.3618271350860596
            ],
            "T_L": [
                0.3828077018260956,
                -0.11938370019197464,
                1.3501758575439453
            ]
        },
        "P2": {
            "TP_L": [
                0.23949041962623596,
                -0.08109034597873688,
                1.2054040431976318
            ],
            "T_L": [
                0.21767646074295044,
                -0.13430839776992798,
                1.2034673690795898
            ],
            "H_L": [
                0.19765056669712067,
                -0.06449392437934875,
                1.1245774030685425
            ],
            "HP_L": [
                0.23164068162441254,
                -0.032186802476644516,
                1.1667526960372925
            ]
        },
        "P3": {
            "H_L": [
                0.19326157867908478,
                -0.09254012256860733,
                1.1260278224945068
            ],
            "TP_L": [
                0.23463208973407745,
                -0.07969047129154205,
                1.204785943031311
            ],
            "T_L": [
                0.20868432521820068,
                -0.13309933245182037,
                1.2212504148483276
            ],
            "HP_L": [
                0.26162537932395935,
                -0.025188405066728592,
                1.1812005043029785
            ]
        }
    },
    "OUTER_LEFT_HAND_POSITIONS": {
        "P2": {
            "T_L": [
                0.2180866003036499,
                -0.1307605504989624,
                1.2053841352462769
            ],
            "H_L": [
                0.19118772447109222,
                -0.1101626604795456,
                1.11025071144104
            ],
            "HP_L": [
                0.37354645133018494,
                -0.011452535167336464,
                1.1553049087524414
            ],
            "TP_L": [
                0.2599374055862427,
                -0.016347020864486694,
                1.1623042821884155
            ]
        },
        "P0": {
            "H_L": [
                0.3742029368877411,
                -0.08716314285993576,
                1.2373299598693848
            ],
            "HP_L": [
                0.40573185682296753,
                -0.017080221325159073,
                1.3746477365493774
            ],
            "T_L": [
                0.40490564703941345,
                -0.1182863786816597,
                1.3323959112167358
            ],
            "TP_L": [
                0.5106275081634521,
                -0.024780359119176865,
                1.324238896369934
            ]
        }
    },
    "ROTATIONS": {
        "H_rotation_L": {
            "Normal": {
                "P0": [
                    0.050552863627672195,
                    -2.3287577629089355,
                    0.5327112078666687
                ],
                "P1": [
                    0.20588716864585876,
                    -2.1978583335876465,
                    0.4367181062698364
                ],
                "P2": [
                    0.08099322766065598,
                    -1.2939817905426025,
                    0.21334555745124817
                ],
                "P3": [
                    0.21189291775226593,
                    -1.2119513750076294,
                    0.27966806292533875
                ]
            },
            "Inner": {
                "P3": [
                    0.028232965618371964,
                    -1.1393160820007324,
                    0.17611069977283478
                ],
                "P1": [
                    0.14866068959236145,
                    -1.919478178024292,
                    0.30351972579956055
                ]
            },
            "Outer": {
                "P0": [
                    -0.22743737697601318,
                    -2.704352855682373,
                    0.5850588083267212
                ],
                "P2": [
                    0.0448339506983757,
                    -1.515783429145813,
                    0.42623400688171387
                ]
            }
        },
        "H_rotation_R": {
            "Normal": {
                "P0": [
                    0.4140942394733429,
                    0.488375723361969,
                    -0.3268977105617523
                ]
            }
        }
    },
    "RIGHT_HAND_POSITIONS": {
        "a0": [
            0.047621164470911026,
            -0.15858441591262817,
            1.057366967201233
        ],
        "a1": [
            0.043889839202165604,
            -0.15945234894752502,
            1.0637789964675903
        ],
        "a2": [
            0.03988365828990936,
            -0.1602860689163208,
            1.0692847967147827
        ],
        "a3": [
            0.034840378910303116,
            -0.16121554374694824,
            1.0745224952697754
        ],
        "a4": [
            0.030432146042585373,
            -0.1620917022228241,
            1.0801341533660889
        ],