{
    "LEFT_FINGER_POSITIONS": {
        "P0": [
            0.3487200140953064,
            -0.19404380023479462,
            1.36629056930542
        ],
        "P1": [
            0.3259999454021454,
            -0.19065721333026886,
            1.3969151973724365
        ],
        "P2": [
            0.1377127766609192,
            -0.16481150686740875,
            1.2068555355072021
        ],
        "P3": [
            0.11523105204105377,
            -0.16150397062301636,
            1.2370795011520386
        ]
    },
    "INNER_LEFT_HAND_POSITIONS": {
        "P3": {
            "H_L": [
                0.16441471874713898,
                -0.11475495249032974,
                1.158706545829773
            ],
            "HP_L": [
                0.12444953620433807,
                0.026006357744336128,
                1.316106915473938
            ],
            "T_L": [
                0.1744839996099472,
                -0.15126466751098633,
                1.2529343366622925
            ],
            "TP_L": [
                0.2351398468017578,
                -0.07100067287683487,
                1.2042380571365356
            ]
        },
        "P1": {
            "H_L": [
                0.3341315984725952,
                -0.14092592895030975,
                1.3055977821350098
            ],
            "HP_L": [
                0.20776410400867462,
                0.010837158188223839,
                1.3787177801132202
            ],
            "T_L": [
                0.34785741567611694,
                -0.17592203617095947,
                1.4047458171844482
            ],
            "TP_L": [
                0.3462386727333069,
                -0.0722484439611435,
                1.341728925704956
            ]
        }
    },
    "NORMAL_LEFT_HAND_POSITIONS": {
        "P0": {
            "H_L": [
                0.334794819355011,
                -0.14750292897224426,
                1.277821660041809
            ],
            "HP_L": [
                0.30971360206604004,
                0.058029498904943466,
                1.4620455503463745
            ],
            "T_L": [
                0.3344041109085083,
                -0.17378148436546326,
                1.3838812112808228
            ],
            "TP_L": [
                0.3554741442203522,
                -0.15820853412151337,
                1.3979737758636475
            ]
        },
        "P1": {
            "H_L": [
                0.32227471470832825,
                -0.15106993913650513,
                1.2909785509109497
            ],
            "HP_L": [
                0.36742016673088074,
                0.06416778266429901,
                1.5336112976074219
            ],
            "TP_L": [
                0.3484923839569092,
                -0.15314848721027374,
                1.403231143951416
            ],
            "T_L": [
                0.33549749851226807,
                -0.17389464378356934,
                1.3891364336013794
            ]
        },
        "P2": {
            "TP_L": [
                0.18997378647327423,
                -0.13482755422592163,
                1.234680414199829
            ],
            "T_L": [
                0.14382952451705933,
                -0.14714771509170532,
                1.2314629554748535
            ],
            "H_L": [
                0.15850841999053955,
                -0.11388720571994781,
                1.1369473934173584
            ],
            "HP_L": [
                0.19478870928287506,
                -0.08550535887479782,
                1.1907124519348145
            ]
        },
        "P3": {
            "H_L": [
                0.1509307324886322,
                -0.1311321258544922,
                1.1500568389892578
            ],
            "TP_L": [
                0.17484909296035767,
                -0.1180526614189148,
                1.233710765838623
            ],
            "T_L": [
                0.15043522417545319,
                -0.1461068093776703,
                1.2559231519699097
            ],
            "HP_L": [
                0.22737205028533936,
                -0.08550536632537842,
                1.2057007551193237
            ]
        }
    },
    "OUTER_LEFT_HAND_POSITIONS": {
        "P2": {
            "T_L": [
                0.14023132622241974,
                -0.14672401547431946,
                1.2255374193191528
            ],
            "H_L": [
                0.1317220777273178,
                -0.13096319139003754,
                1.1290044784545898
            ],
            "HP_L": [
                0.3449432849884033,
                -0.10336675494909286,
                1.1784569025039673
            ],
            "TP_L": [
                0.22786180675029755,
                -0.07730050384998322,
                1.1852171421051025
            ]
        },
        "P0": {
            "H_L": [
                0.32034575939178467,
                -0.1638742834329605,
                1.2808319330215454
            ],
            "HP_L": [
                0.37820708751678467,
                -0.10330578684806824,
                1.4099270105361938
            ],
            "T_L": [
                0.3472065329551697,
                -0.17454084753990173,
                1.378889799118042
            ],
            "TP_L": [
                0.4329730272293091,
                -0.05971353501081467,
                1.355308175086975
            ]
        }
    },
    "ROTATIONS": {
        "H_rotation_L": {
            "Normal": {
                "P0": [
                    -0.07162010669708252,
                    -2.2153115272521973,
                    0.3058183491230011
                ],
                "P1": [
                    -0.14143328368663788,
                    -2.347956418991089,
                    0.3581782281398773
                ],
                "P2": [
                    -0.04117982089519501,
                    -1.4318628311157227,
                    0.19589225947856903
                ],
                "P3": [
                    0.10019184648990631,
                    -1.2573299407958984,
                    0.27966806292533875
                ]
            },
            "Inner": {
                "P3": [
                    0.1364433765411377,
                    -1.2545077800750732,
                    0.17611069977283478
                ],
                "P1": [
                    0.1364433765411377,
                    -1.9107515811920166,
                    0.17611069977283478
                ]
            },
            "Outer": {
                "P0": [
                    -0.3740450143814087,
                    -2.5315651893615723,
                    0.4087805449962616
                ],
                "P2": [
                    0.0448339506983757,
                    -1.814234733581543,
                    0.42623400688171387
                ]
            }
        },
        "H_rotation_R": {
            "Normal": {
                "P0": [
                    0.4140942394733429,
                    0.488375723361969,
                    -0.3268977105617523
                ]
            }
        }
    },
    "RIGHT_HAND_POSITIONS": {
        "a0": [
            -0.0330079048871994,
            -0.1414797306060791,
            1.07774019241333
        ],
        "a1": [
            -0.03698825091123581,
            -0.14093585312366486,
            1.084514856338501
        ],
        "a2": [
            -0.04124773293733597,
            -0.1403428018093109,
            1.0903314352035522
        ],
        "a3": [
            -0.04659273847937584,
            -0.1395856887102127,
            1.095863699913025
        ],
        "a4": [
            -0.051272593438625336,
            -0.1389206349849701,
            1.1017911434173584
        ],