{
    "LEFT_FINGER_POSITIONS": {
        "P0": [
            -0.5141040682792664,
            -0.22759006917476654,
            1.2883050441741943
        ],
        "P1": [
            -0.49423280358314514,
            -0.225941002368927,
            1.3141015768051147
        ],
        "P2": [
            -0.20716522634029388,
            -0.22349058091640472,
            1.0650821924209595
        ],
        "P3": [
            -0.18831205368041992,
            -0.22594097256660461,
            1.1023820638656616
        ]
    },
    "INNER_LEFT_HAND_POSITIONS": {
        "P3": {
            "H_L": [
                -0.21438035368919373,
                -0.1685282438993454,
                1.007370948791504
            ],
            "HP_L": [
                0.031355779618024826,
                -0.2950496971607208,
                1.121811866760254
            ],
            "T_L": [
                -0.22956115007400513,
                -0.20485711097717285,
                1.114753246307373
            ],
            "TP_L": [
                -0.34604257345199585,
                -0.016418516635894775,
                1.0997055768966675
            ]
        },
        "P1": {
            "H_L": [
                -0.4734210968017578,
                -0.18302196264266968,
                1.2037614583969116
            ],
            "HP_L": [
                -0.2878815829753876,
                -0.2950496971607208,
                1.221246361732483
            ],
            "T_L": [
                -0.5158607959747314,
                -0.20284010469913483,
                1.3110278844833374
            ],
            "TP_L": [
                -0.5271672010421753,
                -0.15537434816360474,
                1.2987160682678223
            ]
        }
    },
    "NORMAL_LEFT_HAND_POSITIONS": {
        "P0": {
            "H_L": [
                -0.4714347720146179,
                -0.14574237167835236,
                1.2099311351776123
            ],
            "HP_L": [
                -0.27999183535575867,
                -0.30053001642227173,
                1.2027759552001953
            ],
            "T_L": [
                -0.4993903636932373,
                -0.20721597969532013,
                1.2980883121490479
            ],
            "TP_L": [
                -0.5386369824409485,
                -0.16253313422203064,
                1.297631025314331
            ]
        },
        "P1": {
            "H_L": [
                -0.46399468183517456,
                -0.18349844217300415,
                1.2009371519088745
            ],
            "HP_L": [
                -0.2878815829753876,
                -0.2950496971607208,
                1.221246361732483
            ],
            "TP_L": [
                -0.5271672010421753,
                -0.15537434816360474,
                1.2987160682678223
            ],
            "T_L": [
                -0.5091363787651062,
                -0.19954407215118408,
                1.3016996383666992
            ]
        },
        "P2": {
            "TP_L": [
                -0.3855804204940796,
                -0.08362996578216553,
                1.1281872987747192
            ],
            "T_L": [
                -0.23223978281021118,
                -0.20208054780960083,
                1.0901734828948975
            ],
            "H_L": [
                -0.20631803572177887,
                -0.1416584700345993,
                1.0004962682724
            ],
            "HP_L": [
                0.0660686120390892,
                -0.2950496971607208,
                1.1622546911239624
            ]
        },
        "P3": {
            "H_L": [
                -0.19885917007923126,
                -0.16820549964904785,
                1.0095816850662231
            ],
            "TP_L": [
                -0.3889400064945221,
                -0.11702917516231537,
                1.1076687574386597
            ],
            "T_L": [
                -0.24288438260555267,
                -0.20625855028629303,
                1.1054922342300415
            ],
            "HP_L": [
                0.0660686120390892,
                -0.2950496971607208,
                1.1622546911239624
            ]
        }
    },
    "OUTER_LEFT_HAND_POSITIONS": {
        "P2": {
            "T_L": [
                -0.2219337373971939,
                -0.2024528533220291,
                1.0822616815567017
            ],
            "H_L": [
                -0.16825813055038452,
                -0.17156431078910828,
                0.9886942505836487
            ],
            "HP_L": [
                0.07187898457050323,
                -0.30053001642227173,
                1.0707486867904663
            ],
            "TP_L": [
                -0.39433953166007996,
                -0.06567922979593277,
                1.13094162940979
            ]
        },
        "P0": {
            "H_L": [
                -0.45190566778182983,
                -0.1675693690776825,
                1.1995171308517456
            ],
            "HP_L": [
                -0.27999183535575867,
                -0.30053001642227173,
                1.2027759552001953
            ],
            "T_L": [
                -0.4997943341732025,
                -0.20492485165596008,
                1.2909281253814697
            ],
            "TP_L": [
                -0.5386369824409485,
                -0.16253313422203064,
                1.297631025314331
            ]
        }
    },
    "ROTATIONS": {
        "H_rotation_L": {
            "Normal": {
                "P0": [
                    0.11163237690925598,
                    2.743941068649292,
                    0.8227376341819763
                ],
                "P1": [
                    0.5723994374275208,
                    2.646202564239502,
                    0.8698616027832031
                ],
                "P2": [
                    0.3244090974330902,
                    1.9140911102294922,
                    0.5536835789680481
                ],
                "P3": [
                    0.42844611406326294,
                    1.9193919897079468,
                    0.6631679534912109
                ]
            },
            "Inner": {
                "P3": [
                    0.39436250925064087,
                    1.6248390674591064,
                    0.7475546002388
                ],
                "P1": [
                    0.6096582412719727,
                    2.5398502349853516,
                    0.7059662342071533
                ]
            },
            "Outer": {
                "P0": [
                    0.3083595335483551,
                    3.002037763595581,
                    0.6030963659286499
                ],
                "P2": [
                    0.6763529777526855,
                    1.9471346139907837,
                    0.5868913531303406
                ]
            }
        },
        "H_rotation_R": {
            "Normal": {
                "P0": [
                    -0.1311923861503601,
                    -1.322841763496399,
                    -0.9155526161193848
                ],
                "P3": [
                    -0.059633590281009674,
                    -1.507847547531128,
                    -0.9260250926017761
                ],
                "P2": [
                    -0.05963388830423355,
                    -1.5078474283218384,
                    -0.9260245561599731
                ],
                "P1": [
                    -0.05439789965748787,
                    -1.3385505676269531,
                    -0.9591858386993408
                ]
            }
        }
    },
    "RIGHT_HAND_POSITIONS": {
        "a0": [
            0.057476744055747986,
            -0.2315347045660019,
            0.8671405911445618
        ],