{
    "LEFT_FINGER_POSITIONS": {
        "P0": [
            0.3348774313926697,
            -0.19863829016685486,
            1.5367326736450195
        ],
        "P1": [
            0.3168694078922272,
            -0.1974210888147354,
            1.5652782917022705
        ],
        "P2": [
            0.14156344532966614,
            -0.18272556364536285,
            1.3619563579559326
        ],
        "P3": [
            0.11348117142915726,
            -0.18044251203536987,
            1.3916112184524536
        ]
    },
    "INNER_LEFT_HAND_POSITIONS": {
        "P3": {
            "H_L": [
                0.21010036766529083,
                -0.15972360968589783,
                1.3259899616241455
            ],
            "HP_L": [
                0.02433796226978302,
                -0.2265806496143341,
                1.4488297700881958
            ],
            "T_L": [
                0.1726982593536377,
                -0.16371256113052368,
                1.432032823562622
            ],
            "TP_L": [
                0.2758145034313202,
                -0.13893276453018188,
                1.3849680423736572
            ]
        },
        "P1": {
            "H_L": [
                0.35496148467063904,
                -0.15434926748275757,
                1.4688557386398315
            ],
            "HP_L": [
                0.2055601179599762,
                -0.2265806645154953,
                1.5392245054244995
            ],
            "T_L": [
                0.3443032503128052,
                -0.18206311762332916,
                1.5782526731491089
            ],
            "TP_L": [
                0.44185543060302734,
                -0.08688975870609283,
                1.5443017482757568
            ]
        }
    },
    "NORMAL_LEFT_HAND_POSITIONS": {
        "P0": {
            "H_L": [
                0.35265013575553894,
                -0.14952151477336884,
                1.436180830001831
            ],
            "HP_L": [
                0.2055601179599762,
                -0.2265806645154953,
                1.5392245054244995
            ],
            "T_L": [
                0.3409683108329773,
                -0.1806458830833435,
                1.5430396795272827
            ],
            "TP_L": [
                0.4107356369495392,
                -0.06417498737573624,
                1.5333102941513062
            ]
        },
        "P1": {
            "H_L": [
                0.33819571137428284,
                -0.1596262902021408,
                1.4465569257736206
            ],
            "HP_L": [
                0.2055601179599762,
                -0.2265806645154953,
                1.5392245054244995
            ],
            "TP_L": [
                0.4107356369495392,
                -0.06417498737573624,
                1.5333102941513062
            ],
            "T_L": [
                0.33398205041885376,
                -0.17902089655399323,
                1.5568159818649292
            ]
        },
        "P2": {
            "TP_L": [
                0.20736227929592133,
                -0.10648755729198456,
                1.3761067390441895
            ],
            "T_L": [
                0.14964748919010162,
                -0.16669389605522156,
                1.3811695575714111
            ],
            "H_L": [
                0.18750105798244476,
                -0.1331147998571396,
                1.28216552734375
            ],
            "HP_L": [
                0.02433796226978302,
                -0.2265806496143341,
                1.4488297700881958
            ],
            "TP_R": [
                -0.13808032870292664,
                -0.21935415267944336,
                1.3455805778503418
            ]
        },
        "P3": {
            "H_L": [
                0.17374055087566376,
                -0.15172931551933289,
                1.2987645864486694
            ],
            "TP_L": [
                0.173598974943161,
                -0.07287044078111649,
                1.3632327318191528
            ],
            "T_L": [
                0.12684984505176544,
                -0.16214126348495483,
                1.3954602479934692
            ],
            "HP_L": [
                0.02433796226978302,
                -0.2265806496143341,
                1.4488297700881958
            ],
            "TP_R": [
                -0.13808032870292664,
                -0.21935415267944336,
                1.3455805778503418
            ]
        }
    },
    "OUTER_LEFT_HAND_POSITIONS": {
        "P2": {
            "T_L": [
                0.16732709109783173,
                -0.16532444953918457,
                1.3898556232452393
            ],
            "H_L": [
                0.1382349729537964,
                -0.14994610846042633,
                1.2798370122909546
            ],
            "HP_L": [
                0.02433796226978302,
                -0.2265806496143341,
                1.4488297700881958
            ],
            "TP_L": [
                0.21084657311439514,
                -0.11266029626131058,
                1.3739107847213745
            ]
        },
        "P0": {
            "H_L": [
                0.3196306824684143,
                -0.15201005339622498,
                1.433354377746582
            ],
            "HP_L": [
                0.2055601179599762,
                -0.2265806645154953,
                1.5392245054244995
            ],
            "T_L": [
                0.3409683108329773,
                -0.1806458830833435,
                1.5430396795272827
            ],
            "TP_L": [
                0.4107356369495392,
                -0.06417498737573624,
                1.5333102941513062
            ]
        }
    },
    "ROTATIONS": {
        "H_rotation_L": {
            "Normal": {
                "P0": [
                    0.17488224804401398,
                    -1.9209591150283813,
                    0.07820652425289154
                ],
                "P1": [
                    -0.024085290729999542,
                    -1.941902995109558,
                    0.13929304480552673
                ],
                "P2": [
                    -0.024434607475996017,
                    -1.1728612184524536,
                    -0.04188790172338486
                ],
                "P3": [
                    -0.06981316208839417,
                    -1.1466811895370483,
                    0.11344639956951141
                ]
            },
            "Inner": {
                "P3": [
                    0.03665192425251007,
                    -0.8604472279548645,
                    0.10646508634090424
                ],
                "P1": [
                    0.0806344673037529,
                    -1.6975570917129517,
                    0.031082630157470703
                ]
            },
            "Outer": {
                "P0": [
                    0.07539848238229752,
                    -2.20719313621521,
                    -0.07014646381139755
                ],
                "P2": [
                    -0.1745329350233078,
                    -1.3491395711898804,
                    0.15009832382202148
                ]
            }
        },
        "H_rotation_R": {
            "Normal": {
                "P0": [
                    4.456750392913818,
                    -0.2634103298187256,
                    -0.7526400685310364
                ],
                "P3": [
                    4.456750392913818,
                    -0.2634103298187256,
                    -0.7526400685310364
                ],
                "P2": [
                    4.456750392913818,
                    -0.2634103298187256,
                    -0.7526400685310364
                ],