{
    "LEFT_FINGER_POSITIONS": {
        "P0": [
            0.29274988174438477,
            -0.16380587220191956,
            1.172055721282959
        ],
        "P1": [
            0.2788850665092468,
            -0.1598457545042038,
            1.1863313913345337
        ],
        "P2": [
            0.14407391846179962,
            -0.14987896382808685,
            1.0627213716506958
        ],
        "P3": [
            0.12963400781154633,
            -0.1456301510334015,
            1.082916259765625
        ]
    },
    "INNER_LEFT_HAND_POSITIONS": {
        "P3": {
            "H_L": [
                0.1594967246055603,
                -0.1111927404999733,
                1.030534267425537
            ],
            "HP_L": [
                0.021749893203377724,
                -0.23615413904190063,
                1.2979955673217773
            ],
            "T_L": [
                0.1630340963602066,
                -0.13163989782333374,
                1.105029582977295
            ],
            "TP_L": [
                0.17867302894592285,
                -0.10896456986665726,
                1.0669890642166138
            ]
        },
        "P1": {
            "H_L": [
                0.2852090001106262,
                -0.13039404153823853,
                1.1292781829833984
            ],
            "HP_L": [
                0.14575426280498505,
                -0.363980233669281,
                1.289466142654419
            ],
            "T_L": [
                0.30043643712997437,
                -0.15108202397823334,
                1.2061045169830322
            ],
            "TP_L": [
                0.3287479281425476,
                -0.10054200142621994,
                1.1897222995758057
            ]
        }
    },
    "NORMAL_LEFT_HAND_POSITIONS": {
        "P0": {
            "H_L": [
                0.28398287296295166,
                -0.12703944742679596,
                1.1096720695495605
            ],
            "HP_L": [
                0.14575426280498505,
                -0.363980233669281,
                1.289466142654419
            ],
            "T_L": [
                0.27679872512817383,
                -0.1464308202266693,
                1.1839691400527954
            ],
            "TP_L": [
                0.3101392388343811,
                -0.14557600021362305,
                1.1961419582366943
            ]
        },
        "P1": {
            "H_L": [
                0.26848071813583374,
                -0.12703943252563477,
                1.1230360269546509
            ],
            "HP_L": [
                0.14575426280498505,
                -0.363980233669281,
                1.289466142654419
            ],
            "TP_L": [
                0.30206942558288574,
                -0.13123106956481934,
                1.1958715915679932
            ],
            "T_L": [
                0.2894248366355896,
                -0.1458025425672531,
                1.1962952613830566
            ]
        },
        "P2": {
            "TP_L": [
                0.19192910194396973,
                -0.1213047131896019,
                1.0656187534332275
            ],
            "T_L": [
                0.15381616353988647,
                -0.12825363874435425,
                1.0954395532608032
            ],
            "H_L": [
                0.15906892716884613,
                -0.10308407247066498,
                1.018906593322754
            ],
            "HP_L": [
                -0.08060448616743088,
                -0.23615413904190063,
                1.2894660234451294
            ]
        },
        "P3": {
            "H_L": [
                0.1449815332889557,
                -0.11482511460781097,
                1.0237791538238525
            ],
            "TP_L": [
                0.17867302894592285,
                -0.10896456986665726,
                1.0669890642166138
            ],
            "T_L": [
                0.15438923239707947,
                -0.12874962389469147,
                1.104179859161377
            ],
            "HP_L": [
                0.021749893203377724,
                -0.23615413904190063,
                1.2979955673217773
            ]
        }
    },
    "OUTER_LEFT_HAND_POSITIONS": {
        "P2": {
            "T_L": [
                0.1506141871213913,
                -0.12446867674589157,
                1.1148285865783691
            ],
            "H_L": [
                0.13134707510471344,
                -0.1111927330493927,
                1.012780785560608
            ],
            "HP_L": [
                0.021749893203377724,
                -0.23615413904190063,
                1.2979955673217773
            ],
            "TP_L": [
                0.17867302894592285,
                -0.10896456986665726,
                1.0669890642166138
            ]
        },
        "P0": {
            "H_L": [
                0.2600972652435303,
                -0.13472504913806915,
                1.1078524589538574
            ],
            "HP_L": [
                0.14575426280498505,
                -0.363980233669281,
                1.289466142654419
            ],
            "T_L": [
                0.28506070375442505,
                -0.14758755266666412,
                1.1800706386566162
            ],
            "TP_L": [
                0.3287479281425476,
                -0.10054200142621994,
                1.1897222995758057
            ]
        }
    },
    "ROTATIONS": {
        "H_rotation_L": {
            "Normal": {
                "P0": [
                    0.0,
                    2.652900457382202,
                    0.40142571926116943
                ],
                "P1": [
                    0.0,
                    2.652900457382202,
                    0.40142571926116943
                ],
                "P2": [
                    0.0,
                    3.017674207687378,
                    0.40142571926116943
                ],
                "P3": [
                    0.1745329201221466,
                    3.192207098007202,
                    0.36651915311813354
                ]
            },
            "Inner": {
                "P3": [
                    0.20943951606750488,
                    3.553490400314331,
                    0.40142571926116943
                ],
                "P1": [
                    0.20943951606750488,
                    2.9251718521118164,
                    0.40142571926116943
                ]
            },
            "Outer": {
                "P0": [
                    0.0,
                    2.279400110244751,
                    0.45378559827804565
                ],
                "P2": [
                    0.05061454698443413,
                    2.8379054069519043,
                    0.40142571926116943
                ]
            }
        },
        "H_rotation_R": {
            "Normal": {
                "P0": [
                    0.296705961227417,
                    2.3212878704071045,
                    -0.40142571926116943
                ]
            }
        }
    },
    "RIGHT_HAND_POSITIONS": {
        "a0": [
            0.016120383515954018,
            -0.13977742195129395,
            0.9676008224487305
        ],
        "a1": [
            0.012563623487949371,
            -0.13868412375450134,
            0.9729199409484863
        ],
        "a2": [
            0.009466398507356644,
            -0.137739360332489,
            0.9775360226631165
        ],
        "a3": [
            0.006016135215759277,
            -0.1366884708404541,
            0.9826176166534424
        ],
        "a4": [
            0.0028039123862981796,
            -0.13572445511817932,
            0.9872063398361206
        ],
        "a5": [
            -0.0008275974541902542,
            -0.13463301956653595,
            0.9922804832458496
        ],