{
    "LEFT_FINGER_POSITIONS": {
        "P0": [
            0.2852891981601715,
            -0.20871911942958832,
            1.1263495683670044
        ],
        "P1": [
            0.2717173397541046,
            -0.20501896739006042,
            1.1409722566604614
        ],
        "P2": [
            0.13649186491966248,
            -0.18220286071300507,
            1.0195379257202148
        ],
        "P3": [
            0.12240393459796906,
            -0.17853578925132751,
            1.0400922298431396
        ]
    },
    "INNER_LEFT_HAND_POSITIONS": {
        "P3": {
            "H_L": [
                0.15329545736312866,
                -0.14238795638084412,
                0.9894894957542419
            ],
            "HP_L": [
                0.01244696881622076,
                -0.2768334448337555,
                1.2506622076034546
            ],
            "T_L": [
                0.15654075145721436,
                -0.16727522015571594,
                1.0626349449157715
            ],
            "TP_L": [
                0.1728331744670868,
                -0.14309751987457275,
                1.025813341140747
            ]
        },
        "P1": {
            "H_L": [
                0.278843492269516,
                -0.17258211970329285,
                1.0856592655181885
            ],
            "HP_L": [
                0.1308283805847168,
                -0.4090437889099121,
                1.2334688901901245
            ],
            "T_L": [
                0.29377585649490356,
                -0.1983368694782257,
                1.1609975099563599
            ],
            "TP_L": [
                0.32408392429351807,
                -0.14816230535507202,
                1.1472810506820679
            ]
        }
    },
    "NORMAL_LEFT_HAND_POSITIONS": {
        "P0": {
            "H_L": [
                0.2776082754135132,
                -0.16804131865501404,
                1.0662940740585327
            ],
            "HP_L": [
                0.1308283805847168,
                -0.4090437889099121,
                1.2334688901901245
            ],
            "T_L": [
                0.2701855003833771,
                -0.1914132833480835,
                1.1394126415252686
            ],
            "TP_L": [
                0.303626149892807,
                -0.19267195463180542,
                1.1512715816497803
            ]
        },
        "P1": {
            "H_L": [
                0.262224942445755,
                -0.1681690216064453,
                1.0797940492630005
            ],
            "HP_L": [
                0.1308283805847168,
                -0.4090437889099121,
                1.2334688901901245
            ],
            "TP_L": [
                0.29617229104042053,
                -0.17800918221473694,
                1.1519156694412231
            ],
            "T_L": [
                0.2829227149486542,
                -0.19203618168830872,
                1.1516242027282715
            ]
        },
        "P2": {
            "TP_L": [
                0.18554095923900604,
                -0.1558830291032791,
                1.0235943794250488
            ],
            "T_L": [
                0.14740072190761566,
                -0.16295099258422852,
                1.0533522367477417
            ],
            "H_L": [
                0.1531224101781845,
                -0.13360419869422913,
                0.978356122970581
            ],
            "HP_L": [
                -0.08987811207771301,
                -0.27203369140625,
                1.243198275566101
            ]
        },
        "P3": {
            "H_L": [
                0.13858655095100403,
                -0.14500688016414642,
                0.9826846122741699
            ],
            "TP_L": [
                0.1728331744670868,
                -0.14309751987457275,
                1.025813341140747
            ],
            "T_L": [
                0.14802035689353943,
                -0.16397947072982788,
                1.0620428323745728
            ],
            "HP_L": [
                0.01244696881622076,
                -0.2768334448337555,
                1.2506622076034546
            ]
        }
    },
    "OUTER_LEFT_HAND_POSITIONS": {
        "P2": {
            "T_L": [
                0.14451417326927185,
                -0.16017192602157593,
                1.0729597806930542
            ],
            "H_L": [
                0.12503361701965332,
                -0.1401694118976593,
                0.9720557332038879
            ],
            "HP_L": [
                0.01244696881622076,
                -0.2768334448337555,
                1.2506622076034546
            ],
            "TP_L": [
                0.1728331744670868,
                -0.14309751987457275,
                1.025813341140747
            ]
        },
        "P0": {
            "H_L": [
                0.2534037232398987,
                -0.174596905708313,
                1.0642775297164917
            ],
            "HP_L": [
                0.1308283805847168,
                -0.4090437889099121,
                1.2334688901901245
            ],
            "T_L": [
                0.2783600687980652,
                -0.19268696010112762,
                1.1353691816329956
            ],
            "TP_L": [
                0.32408392429351807,
                -0.14816230535507202,
                1.1472810506820679
            ]
        }
    },
    "ROTATIONS": {
        "H_rotation_L": {
            "Normal": {
                "P0": [
                    0.0,
                    2.652900457382202,
                    0.40142571926116943
                ],
                "P1": [
                    0.0,
                    2.652900457382202,
                    0.40142571926116943
                ],
                "P2": [
                    0.0,
                    3.017674207687378,
                    0.40142571926116943
                ],
                "P3": [
                    0.1745329201221466,
                    3.192207098007202,
                    0.36651915311813354
                ]
            },
            "Inner": {
                "P3": [
                    0.20943951606750488,
                    3.553490400314331,
                    0.40142571926116943
                ],
                "P1": [
                    0.20943951606750488,
                    2.9251718521118164,
                    0.40142571926116943
                ]
            },
            "Outer": {
                "P0": [
                    0.0,
                    2.279400110244751,
                    0.45378559827804565
                ],
                "P2": [
                    0.05061454698443413,
                    2.8379054069519043,
                    0.40142571926116943
                ]
            }
        },
        "H_rotation_R": {
            "Normal": {
                "P0": [
                    0.296705961227417,
                    2.3212878704071045,
                    -0.40142571926116943
                ]
            }
        }
    },
    "RIGHT_HAND_POSITIONS": {
        "a0": [
            0.00834573246538639,
            -0.161202073097229,
            0.926481306552887
        ],
        "a1": [
            0.004880350083112717,
            -0.1602722853422165,
            0.9318910837173462
        ],
        "a2": [
            0.0018622665666043758,
            -0.15946899354457855,
            0.9365857243537903
        ],
        "a3": [
            -0.001500382088124752,
            -0.15857212245464325,
            0.9417548179626465
        ],
        "a4": [
            -0.004632747732102871,
            -0.1577431708574295,
            0.9464243650436401
        ],
        "a5": [
            -0.008174803107976913,
            -0.15679781138896942,
            0.9515902996063232
        ],