{
    "LEFT_FINGER_POSITIONS": {
        "P0": [
            0.37706393003463745,
            -0.2657594680786133,
            1.3600753545761108
        ],
        "P1": [
            0.36093783378601074,
            -0.26263073086738586,
            1.3796720504760742
        ],
        "P2": [
            0.17475754022598267,
            -0.2209574431180954,
            1.217233419418335
        ],
        "P3": [
            0.15629354119300842,
            -0.21663223206996918,
            1.2462598085403442
        ]
    },
    "INNER_LEFT_HAND_POSITIONS": {
        "P3": {
            "H_L": [
                0.22695454955101013,
                -0.17812785506248474,
                1.1767866611480713
            ],
            "HP_L": [
                0.11214830726385117,
                -0.09426018595695496,
                1.3248637914657593
            ],
            "T_L": [
                0.21735906600952148,
                -0.21130681037902832,
                1.290358066558838
            ],
            "TP_L": [
                0.4549686312675476,
                -0.16492989659309387,
                1.4019609689712524
            ]
        },
        "P1": {
            "H_L": [
                0.39368778467178345,
                -0.20481310784816742,
                1.310103416442871
            ],
            "HP_L": [
                0.2087317556142807,
                -0.09426018595695496,
                1.3332018852233887
            ],
            "T_L": [
                0.39275819063186646,
                -0.2589051127433777,
                1.4168217182159424
            ],
            "TP_L": [
                0.4549686312675476,
                -0.16492989659309387,
                1.4019609689712524
            ]
        }
    },
    "NORMAL_LEFT_HAND_POSITIONS": {
        "P0": {
            "H_L": [
                0.36988717317581177,
                -0.188435897231102,
                1.3040802478790283
            ],
            "HP_L": [
                0.19193005561828613,
                -0.09257568418979645,
                1.324661135673523
            ],
            "T_L": [
                0.37444284558296204,
                -0.2503969371318817,
                1.4060574769973755
            ],
            "TP_L": [
                0.41763606667518616,
                -0.14926202595233917,
                1.399377703666687
            ]
        },
        "P1": {
            "H_L": [
                0.3641877770423889,
                -0.21386387944221497,
                1.2819691896438599
            ],
            "HP_L": [
                0.2087317556142807,
                -0.09426018595695496,
                1.3332018852233887
            ],
            "TP_L": [
                0.4549686312675476,
                -0.16492989659309387,
                1.4019609689712524
            ],
            "T_L": [
                0.38661012053489685,
                -0.24931399524211884,
                1.3897292613983154
            ]
        },
        "P2": {
            "TP_L": [
                0.41763606667518616,
                -0.14926202595233917,
                1.399377703666687
            ],
            "T_L": [
                0.17705322802066803,
                -0.20131759345531464,
                1.2695947885513306
            ],
            "H_L": [
                0.20187360048294067,
                -0.1731024980545044,
                1.157651424407959
            ],
            "HP_L": [
                0.11015284061431885,
                -0.09257568418979645,
                1.3147152662277222
            ]
        },
        "P3": {
            "H_L": [
                0.19651570916175842,
                -0.17094656825065613,
                1.1604470014572144
            ],
            "TP_L": [
                0.4549686312675476,
                -0.16492989659309387,
                1.4019609689712524
            ],
            "T_L": [
                0.18466264009475708,
                -0.20669791102409363,
                1.269291639328003
            ],
            "HP_L": [
                0.11214830726385117,
                -0.09426018595695496,
                1.3248637914657593
            ]
        }
    },
    "OUTER_LEFT_HAND_POSITIONS": {
        "P2": {
            "T_L": [
                0.18627730011940002,
                -0.20307962596416473,
                1.2518749237060547
            ],
            "H_L": [
                0.16383816301822662,
                -0.1643247902393341,
                1.1438534259796143
            ],
            "HP_L": [
                0.11015284061431885,
                -0.09257568418979645,
                1.3147152662277222
            ],
            "TP_L": [
                0.41763606667518616,
                -0.14926202595233917,
                1.399377703666687
            ]
        },
        "P0": {
            "H_L": [
                0.3480682671070099,
                -0.19839011132717133,
                1.2842435836791992
            ],
            "HP_L": [
                0.19193005561828613,
                -0.09257568418979645,
                1.324661135673523
            ],
            "T_L": [
                0.3702016770839691,
                -0.24445703625679016,
                1.3877514600753784
            ],
            "TP_L": [
                0.41763606667518616,
                -0.14926202595233917,
                1.399377703666687
            ]
        }
    },
    "ROTATIONS": {
        "H_rotation_L": {
            "Normal": {
                "P0": [
                    -0.1466076523065567,
                    -1.181587815284729,
                    -0.16755160689353943
                ],
                "P1": [
                    -0.16929692029953003,
                    -1.03847074508667,
                    -0.43109631538391113
                ],
                "P2": [
                    -0.1466076523065567,
                    -0.790634036064148,
                    -0.16755160689353943
                ],
                "P3": [
                    -0.16929692029953003,
                    -0.8133232593536377,
                    -0.43109631538391113
                ]
            },
            "Inner": {
                "P3": [
                    -0.16929692029953003,
                    -0.609119713306427,
                    -0.43109631538391113
                ],
                "P1": [
                    -0.16406093537807465,
                    -1.0088001489639282,
                    -0.45029494166374207
                ]
            },
            "Outer": {
                "P0": [
                    -0.1466076523065567,
                    -1.3439034223556519,
                    -0.16755160689353943
                ],
                "P2": [
                    -0.1466076523065567,
                    -0.9704028964042664,
                    -0.16755160689353943
                ]
            }
        },
        "H_rotation_R": {
            "Normal": {
                "P0": [
                    0.296705961227417,
                    2.3212878704071045,
                    -0.40142571926116943
                ]
            }
        }
    },
    "RIGHT_HAND_POSITIONS": {
        "a0": [
            -8.201412856578827e-05,
            -0.18863332271575928,
            1.092238426208496
        ],
        "a1": [
            -0.00482109934091568,
            -0.18793576955795288,
            1.0997072458267212
        ],
        "a2": [
            -0.008948419243097305,
            -0.1873355507850647,
            1.106188178062439
        ],
        "a3": [
            -0.013547107577323914,
            -0.18665844202041626,
            1.1133254766464233
        ],
        "a4": [
            -0.017831116914749146,
            -0.1860228180885315,
            1.1197749376296997
        ],