{
    "LEFT_FINGER_POSITIONS": {
        "P0": [
            0.28155717253685,
            -0.27821505069732666,
            1.2449249029159546
        ],
        "P1": [
            0.2668992578983307,
            -0.2742995321750641,
            1.2612301111221313
        ],
        "P2": [
            0.12092261016368866,
            -0.23044349253177643,
            1.1301085948944092
        ],
        "P3": [
            0.10567310452461243,
            -0.22697536647319794,
            1.1529070138931274
        ]
    },
    "INNER_LEFT_HAND_POSITIONS": {
        "P3": {
            "H_L": [
                0.13674049079418182,
                -0.19468553364276886,
                1.0846079587936401
            ],
            "HP_L": [
                0.2627527713775635,
                -0.3349623680114746,
                0.9700425267219543
            ],
            "T_L": [
                0.1530616134405136,
                -0.21561360359191895,
                1.1792970895767212
            ],
            "TP_L": [
                0.17211732268333435,
                -0.2065112143754959,
                1.1375160217285156
            ]
        },
        "P1": {
            "H_L": [
                0.28513404726982117,
                -0.232601597905159,
                1.180593490600586
            ],
            "HP_L": [
                0.3178499639034271,
                -0.08428747951984406,
                1.2942615747451782
            ],
            "T_L": [
                0.29366666078567505,
                -0.2644793689250946,
                1.2726168632507324
            ],
            "TP_L": [
                0.33150529861450195,
                -0.25002560019493103,
                1.2620569467544556
            ]
        }
    },
    "NORMAL_LEFT_HAND_POSITIONS": {
        "P0": {
            "H_L": [
                0.28287017345428467,
                -0.2277437001466751,
                1.176643967628479
            ],
            "HP_L": [
                0.25324690341949463,
                0.011639334261417389,
                1.3386495113372803
            ],
            "T_L": [
                0.2734448313713074,
                -0.26060041785240173,
                1.2673611640930176
            ],
            "TP_L": [
                0.3026398718357086,
                -0.2327176332473755,
                1.261785864830017
            ]
        },
        "P1": {
            "H_L": [
                0.27501899003982544,
                -0.22029563784599304,
                1.2035467624664307
            ],
            "HP_L": [
                0.24875807762145996,
                -0.00539744645357132,
                1.3252768516540527
            ],
            "TP_L": [
                0.3026398718357086,
                -0.2327176332473755,
                1.261785864830017
            ],
            "T_L": [
                0.29333701729774475,
                -0.2679646909236908,
                1.2844783067703247
            ]
        },
        "P2": {
            "TP_L": [
                0.16627804934978485,
                -0.19569990038871765,
                1.134035587310791
            ],
            "T_L": [
                0.13411933183670044,
                -0.21275025606155396,
                1.168583631515503
            ],
            "H_L": [
                0.13813349604606628,
                -0.1897582709789276,
                1.0735639333724976
            ],
            "HP_L": [
                0.15096914768218994,
                -0.14379563927650452,
                1.106268286705017
            ]
        },
        "P3": {
            "H_L": [
                0.12319670617580414,
                -0.18755927681922913,
                1.0840610265731812
            ],
            "TP_L": [
                0.1648922860622406,
                -0.20280450582504272,
                1.1392067670822144
            ],
            "T_L": [
                0.14924819767475128,
                -0.2172260284423828,
                1.1853187084197998
            ],
            "HP_L": [
                0.2323150932788849,
                -0.14379563927650452,
                1.095083475112915
            ]
        }
    },
    "OUTER_LEFT_HAND_POSITIONS": {
        "P2": {
            "T_L": [
                0.1303158700466156,
                -0.21066397428512573,
                1.1670516729354858
            ],
            "H_L": [
                0.12134400755167007,
                -0.18183758854866028,
                1.0704151391983032
            ],
            "HP_L": [
                0.16918234527111053,
                -0.15203696489334106,
                1.0959608554840088
            ],
            "TP_L": [
                0.1635148972272873,
                -0.19080770015716553,
                1.1399072408676147
            ]
        },
        "P0": {
            "H_L": [
                0.26136815547943115,
                -0.22220273315906525,
                1.1828213930130005
            ],
            "HP_L": [
                0.3178499639034271,
                -0.08428749442100525,
                1.2942615747451782
            ],
            "T_L": [
                0.2854077219963074,
                -0.26214396953582764,
                1.2637693881988525
            ],
            "TP_L": [
                0.3414117395877838,
                -0.23861388862133026,
                1.2707812786102295
            ]
        }
    },
    "ROTATIONS": {
        "H_rotation_L": {
            "Normal": {
                "P0": [
                    -0.06981316953897476,
                    -1.7104226350784302,
                    0.0
                ],
                "P1": [
                    0.0872664600610733,
                    -1.9896754026412964,
                    -0.0872664600610733
                ],
                "P2": [
                    0.0,
                    -0.6981316804885864,
                    0.0
                ],
                "P3": [
                    0.1745329201221466,
                    -0.5410520434379578,
                    -0.13962633907794952
                ]
            },
            "Inner": {
                "P3": [
                    0.0,
                    -0.5061454772949219,
                    -0.1745329201221466
                ],
                "P1": [
                    0.0,
                    -1.3857914209365845,
                    -0.3141592741012573
                ]
            },
            "Outer": {
                "P0": [
                    0.0,
                    -1.787217140197754,
                    0.0
                ],
                "P2": [
                    -0.1919862926006317,
                    -1.3089970350265503,
                    -7.1508363674865905e-09
                ]
            }
        },
        "H_rotation_R": {
            "Normal": {
                "P0": [
                    0.296705961227417,
                    2.3212878704071045,
                    -0.40142571926116943
                ]
            }
        }
    },
    "RIGHT_HAND_POSITIONS": {
        "a0": [
            -0.017545601353049278,
            -0.19122657179832458,
            1.0299172401428223
        ],
        "a1": [
            -0.021296139806509018,
            -0.19036990404129028,
            1.0359147787094116
        ],
        "a2": [
            -0.024562975391745567,
            -0.18962961435317993,
            1.04111909866333
        ],
        "a3": [
            -0.02820238471031189,
            -0.18879814445972443,
            1.0468504428863525
        ],
        "a4": [
            -0.03159244358539581,
            -0.18801966309547424,
            1.0520294904708862
        ],
        "a5": [
            -0.035424843430519104,
            -0.18712200224399567,
            1.0577610731124878
        ],